Id;Label
visitorfi5kl7q7i;848
zpffh4wwhuu3ndxm;
skunksworkedp2cg;445
directdal7bourmy;
bitphar76n5t3qag;
directoryvi6plzm;1732
5zsibdfexadmckug;
cratedvnn5z57xhl;485
toristfgqiroaded;
ynjnx6gnmejcqgso;
rkea452tdivg4kbe;
torvps7kzis5ujfz;168
vpo3f5hjmmj2n2cg;
3o2hudce5ijblgvj;
dirnxxdraygbifgc;
fbzy4ju7jxpywv4g;
s675alzzl7zkhwx7;
wikiwarixvouhwyn;22
6fx3g2bsrw3swpoq;
bncpfyctelnetcbf;
yfvukhzjcr57zlum;
yn3le7mjhw4n2y4y;
mijpsrtgf54l7um6;
sftpstae662x37t7;
yrir4ndmytf45zwg;
vxzzqqdt54racf3i;5
libertygb2nyeyay;
frwikisfa6myvgyx;4
x3nelbld33llasqv;
hwikis25cffertqe;41
bzreqoyjwop3dbtn;
soupkso3la22ltl3;2
torlinksccquz7bi;
llvwfy2hc2fbawzb;
deaddropinli5cme;
pastagdsp33j7aoq;
hiddenwk7qnvvpfo;3
wikitorcwogtsifs;4
5zkfuvtrpotg2nzd;
w4a6ssearu46yphm;
linksjo6a4kvtzbu;
svntrqfgsa7jgnpm;
n6pbizsbykwxmydz;10
vuovfy3qrvv4q7f2;
wikitjerrta4qgz4;
hkvxwfvs7glrnymv;
osearchkiq5mvet6;
jokerbuzzhyhl5cl;
linkstcm6lnro75w;
torbox3uiot6wchz;
bitzztn6yzua4oct;
zlal32teyptf4tvi;334
malcolmfwbudjkuj;
xnordic6virmmls3;
3pedopedqayeyvhp;
jewjewkeei4o4bvn;
mintgwiok47trisd;
dancekomtnglfvei;
kf47hlz25hvb5aob;
gxamjbnu7uknahng;381
boysopidonajtogl;2
support26v5pvkg6;
z2gu35md7bi3ceew;
zgrl6sghf5jh37zz;
26dwh44f4nsab6fi;
iphoneszc52wf6iw;
sszoxp4dqmt24jng;
diy7cyqbjh4p5apa;
hiddeninasdyooih;3
mx7rwxcountermqh;1
v7cwgookb7vbgw53;
hackerw6dcplg3ej;2
iehgay7x72zyca4z;
btcasinovzygdbxn;
uoaz2bavpyplrswx;
amazingd64el2zty;
redroomfing27toi;
sigaintevyh2rzvw;
dragonso4ito7cal;
tt3j2x4k5ycaa5zt;7
chattorci7bcgygp;
shadow7jnzxjkvpz;
buttmaddci4fbgug;
answerstedhctbek;
tumbachegvyaadyq;
slwc4j5wkn3yyo5j;
6dvj6v5imhny3anf;
2222kfuzrdpzp35x;
cmhs5wai3bzl2iyr;
z5tfsnikzulwicxs;
jh32yv5zgayyyts3;
sinbad66644fr5lq;
c2djzrn6qx6kupkn;2
fuacantanj2vhfpw;
hu5iyzfpeyife46m;
52wdeibt3ivmcapq;
y4yhci7273s2yeqk;1
h24wtibkbgc543ck;
fntreemiobli7mgo;
xilliayhoiuv5qmk;
hiddenwikizne23a;2
legionhiden4dqh4;
rupedoszuuqmn6pq;
gustavolbs3pm75y;
7ep7acrkunzdcw3l;
dbc7foqmei2h7yp2;
gc2zgu2js4bi46kw;
outlaw2kyxddkuqc;
n65xqgf3qj423wfj;
w363zoq3ylux5rf5;19
clockwise3rldkgu;
hostorx7oztvxnuz;
xqrqbzhii6m6sdrv;
dirnxxdg2mgyrbgj;2
rlfaozz3xxpouhig;
ntcixulmms4275vi;1
kpvz7ki2lzvnwve7;2
6gprsi33qvzcun7u;
mgqkhoihywdm6226;
35gxn3ajozhnuzjv;
flnbsyyqh3vqet5p;
lljrzrimek6if67j;
rbaco5flcou46wpd;
z6ya7cqmnlni2pqh;
pfqxzlidehuoiuzm;
valhallaxmn3fydu;
silkkitiehdg5mug;
lchudlqkplfutqjj;
t3e6ly3uoif4zcw2;
qssio5fppcrojdh3;
wdnqg3ehh3hvalpe;
4t2ly5avxusatd57;
nqigfqrxnkwcqmiq;19
wkr53ijwmsnb4pd3;
ltvplgp6pimxg3nv;
euiaisz7ysypnr7n;
phkttm64gbquasaq;
bgaxaar7xx6dpptt;
opnju4nyz7wbypme;
jstashin657bcdxm;
v245twftq76pls6n;
toradsc6vvmtugty;
2acznlgnlqq5ju5b;
squillybbh4ae7kc;
ihabo5fwu4gjxpll;
sonuh5glplozcs2m;
megadnmnuogrn4ik;
deepdot35wvmeyd5;1
ozcnagiwb2w46tx2;
zqktlwi4fecvo6ri;3
7rmath4ro2of2a42;
wikihiddkz5w3hfg;1
6i3athikp6hsre2m;
torlinkbgs6aabns;
bitcointo77verxt;
frankk4lwkgnrnhk;
qwy4yytb4u3r4nfy;
oestla3j22reypzj;
shn3x3whdm5tuut4;
freedomqbueysrt3;
easycoinsayj7p5l;
4r2msaoab35wc6yy;
42xlyaqlurifvvtq;
endchan5doxvprs5;
p66oirkdpqxpjtjq;
s5eqtd3hsfgu4czz;
pms5n4czsmblkcjl;
wuez3xlf262whtl6;
deadcertniishzbg;
lchudifyeqm4ldjj;
4qt45wbulqipigwa;
cardedlxzxsphu5y;
linksjjoxj5vf7p7;
tz2u3xs63fbx4jjb;
psychonaut3z5aoz;
ays3742ohpasvdoq;
mqqrfjmfu2i73bjq;
xmh57jrzrnw6insl;1
kowloon5aibdbege;
tdupp6lmgnpex5ss;
xhfheq5i37waj6qb;
7hst7dcpypl5tjcp;
torwikignoueupfm;2
zw3crggtadila2sg;
l33teryfjryh5ir7;
t3e6ly34gzlwdcug;
9geyduja9svp5r5u;
cryptofrgmxdlrj6;
54nujbl4qohb5qdp;
jyqcyzcldyumkmh2;
doe6ypf2fcyznaq5;
uj3wazyk5u4hnvtk;
rutorc6mqdinc4cz;
girls4okc5oemeel;
e7ygisuxsn2qmjlu;
auutwvpt2zktxwng;18
telnetg42y5crrb7;1
radiocbsi2q27tob;
3dnrb7a7pibooe5h;
dollzucjzqg3coec;
pjt5mkknunfl6ayn;
xaz4vlni2o5iqplp;
ow24et3lmhnqk64k;
hiddenwiki6pbbpc;
bitcloak43blmhmn;
elef7kcrczguvamt;
grams5ghrclmgz3p;
cfxubw3jr2usabqq;
xfmro772ibzzcl6a;
helpu2ov4khcxtyi;1
ug2kbu4ek7asgpkp;
7zjlxleoekywde3j;
uf2fjijpodfsv4fb;
netflixyummrhppw;
blkbook3fxhcsn3u;
scamm55va433wt27;
bfdgvsatxh2ure7j;
sinmedxxqpfh6ykc;
tufprj3pslo56ilh;
kpynyvym6xqi7wz2;8
answersbbddrdcwo;1
n76pl7oi72llqpzv;
udsmewv45lunzoo4;
sla2tcypjz774dno;
nunq2eg6zzhu6372;
weasylartw55noh2;
ihacker355hscnhv;
btma5ir6njc4za5k;
xiwayy2kn32bo3ko;
ffzsigillz4hpd7i;
billie4dtzvlmcfb;
x5yd2gfthlfgdqjg;
rampbxcezp6r73gu;
ramp2bombkadwvgz;
rezwkyjzzjd2tmmc;
qrjy2nhjdbzdprbq;
54xa5qloahjpapde;
fhostingesps6bly;
fh63ozjoouyh7iuu;
psy5brv3kifjxwab;
hss3uro2hsxfogfq;
suldgzbelmssxys6;
epicctfau2hw4w7a;
fbverg66cgvrj55m;
ftyffwtact6nguwi;
hc3sz3i2rb5dljqq;
zvldz46bbxqlw4od;
dildosky53jnf5mt;
5yhkcnlhhtlztb5t;
6zc6sejeho3fwrd4;
b4qurmwipucoo5dx;
gq3wuls7kvhccjwd;
zerobinqmdqd236y;
r7umpv6r5djthykt;
du2zcsroyga6quf6;
5nca3wxl33tzlzj5;7
6nvqpgx7bih375fx;
6xukrlqedfabdjrb;
castorcqu2wfp2zw;
32b5oz2bbtn6gqj3;9
turkiyex6fkt46ra;
passporxakpmzurx;
5x5uj6em4qhvwok2;
rrcc5uuudhh4oz3c;
vendor7zqdpty4oo;
fcnwebggxt2d3h64;
ijb7rxextmnhkd76;
5q736ltgak2qfxtl;
hideout6eiazeoyp;
wikitjen6oesqvzj;1
sblib3fk2gryb46d;
jjfcjwxf3szomuas;
bnzfl6eg3dy54ax4;
2llh7jnrg5dluhuv;
applesf6emggp2pz;
2h3xkc7wmxthijqb;
electrumseasvwvw;
iz56hciijqh5uh5u;
vmd7t3ltnkqgrpby;
cocaine5nyqmki2d;
luckp47s6xhz26rn;
lkw2rvo2flzdalb4;
rupedoszuib5cop7;
4pxu26azfyypywv2;
anonymoussb4444v;
wallet777hk6x7ac;
ucavviu7wl6azuw7;5
eb6w5ctgodhchf3p;
prometh5th5t5rfd;
5nah6ublcfxdyb6s;
ij45s7xb62abfggu;
yz7lpwfhhzcdyc5y;5
sdscoq7snqtznauu;
4iahqcjrtmxwofr6;
bmwkqlas64bkputh;
giftcardmzsfdsxq;
n3c4iaaqnjbgmxq6;
xfnwyig7olypdq5r;
lb5vnwyafrlxgmlt;
vozupq6ewgxyn4ct;
qdtprxgmm2atan35;
4ggxntohlejkutst;
russianyhluzsk53;1
replicawws2pwjjy;
yyilonb36nqdycov;
darkheroesq46awl;
wlhkmwi263htq5z6;
duskgytldkxiuqc6;
76xkbxgntgu2uwxb;
pduvohnvbtzph6sg;4
aqsp3j4vkcm5toz3;
iacgq6y2j2nfudy7;
wd43uqrbjwe6hpre;
outfor6jwcztwbpd;
scam24nsc7qxrzuc;
lo4wpvx3tcdbqra4;
vkb7q4hmpfhhgfvr;
76qugh5bey5gum7l;
rsclubzznck53v35;
rsclubvvwcoovivi;
eh6gaxio2s7fin2q;
castorz2lijmrc5f;1
fileupauroqcplkb;
mrtupkpmauxnl377;
louhlbgyupgktsw7;
etnplwlfcl7ntvyo;
amazon5k3xbkmfwi;
glomiojyinf6h5h4;
lxhdrvsijl3ckzwu;
4px7xapjbj6xxkql;
mescudsddlujgu2k;
netflixmjixdy5b6;
ccccrckysxxm6avu;
besthqdirnimrgpj;11
exooqgycf4hbfevw;
3uantgmzv6a76gv5;
dreamifpguox6pva;
tmskhzavkycdupbr;
x3v3lxoxpxu3hitk;
y3okdpapmjnfgcpy;
grams4sdl6n6hgww;
sholq4kb5mi7xjtb;
vfvfq64rgptkmwpu;1
qsl4fyr6jg4s6iij;
withweedg5iw7rj4;
22htm5ubkzjklo7y;
snfwaemlzdyiuda7;
nfs3m4id5fja3lif;
plasticuou2uakdu;
ffzone4ry6efpqj3;
nyn7tkes4ghu4ikn;
u43rlehjwe43h64b;
hftpdlb256qd3z5a;
zilionku2adniig6;
ejg6gw27l43ciu5z;
j7652k4sod2azfu6;
niggervteelq47id;
5y4jjk3wgy32dml2;
53fmenm2glhjte7q;
newpdsuslmzqazvr;
3kc76jpdifdrhh6v;
ifsxnswffcibrnws;
acropol4ti6ytzeh;
compass6vpxj32p3;
5zf5yc2vwcnxgugv;
tuu66yxvrnn3of7l;
zn4ei5n3xddb3otv;
psb4uklopi7ocb5l;
linksvgkrmdzguvo;1
fullchan4jtta4sx;
me2jc562s3jyp7vc;
j6hfohy5j6tfyum3;
penguinsyuo2gtvz;
penguinsmbshtgmf;
stoned3dzzhnoe4r;
jhfrvl4w4yprwh3l;
ftec4org3hcpnoir;
deepify6oth3jmxb;
grams7eo7mkagczs;
sassb54zdzo474nt;
germanyhusicaysx;
t5eglgwxa43dmbn3;
l33fzxktfy35xs63;
iidxap2xwq6arwbr;
fdwocbsnity6vzwd;
fyt6qwgdf7pymxm3;
22222222gib3ywf6;
allcardsktnylnfd;
chemspain7iw2zby;
wj4m5dffmecamzyt;
deneppj6r5y6ybeo;
blacknwico2pm2ax;
yyl24zkq3lquozdt;
hdwikicorldcisiy;14
562y2ijc4bcnl2gg;
jd6yhu5hdp2zgvf4;
twulujga5k2t3i6c;
kaarvixjxfdy2wv2;
mgibojrlzdfoajbn;
f54skaedgpw5xcvu;
popfilesxuru7lsr;
grams3dzxvbjkdaj;
e4c4xzz3hl772fti;
rtwtyinmq4wzzl6d;
jjx5ptpktk6lnycu;
jitjatxmemcaaadp;
wltvo7q423lpbsxd;
validcvvmtwp25n5;
grc43ygyy3iy5vxh;
blackshopd7kvadt;
razhy6sxzjacjmk7;
dtt6tdtgroj63iud;
olfa3wj3btmn7ipp;
5xxqhn7qbtug7cag;
deepdot35mrdqs2u;
ninoetwewdoqlwky;
btcwassndakf7wyc;
vbmwh445kf3fs2v4;
digitalass6qi2nt;
x7ig3agdex7czbyn;
ecmye7f3b7fywr3x;
5svy3fulf7q35eij;
bryemnetihwcflrs;
cigs7cviqbi4bvuy;
wikipediak4by6wf;
outforumbpapnpqr;
k2pbya4zcsmkilwx;
royaldmp65ayl5rc;
ekmkd756hn5aqdft;
syntaxeddtui6zkm;
ykrxnmvcmozu5maa;
pickfireywcq2wf2;
nethack3dzllmbmo;
22222222m4cetz5t;
blockchainbdgpzk;
ow24et3tetp6tvmk;
7g5bqm7htspqauum;
ri73dtqkn3zmxzvn;
mymji3a2duev7jp2;
bangsderfcgqczqk;
abbujjh5vqtq77wg;
jj7ctd2okk5iyqle;
electrotev3tgo2p;
mobileay2syyw6qf;
5zf5yc2vwfpoybge;
pharmauoq6wnqp7q;
j7hackfestgaeuvv;
torpress2sarn7xw;
b3vllrtxx3rczplv;
mghreb4l5hdhiytu;
tochka3evlj3sxdv;
kpvz7ki2v5agwt35;
agenttoe2dlvxdei;
dsstimmtdreadful;
lotegcc2kvterwb4;
pastebinkaav4f5x;
6v6q4eim5b2rrhd4;
vj5wxqmjaes2bae5;26
konkretzdxpqygow;
drugsfl4lgmxfetn;
qubesosmamapaxpa;
wwjewp6ca4rkudyj;
cidr6kt4la4slizf;
yvhioa4dqe3uys63;
facj5l7pgk6ekxgw;
4surjihu43y3533a;
222222mos337eua2;
xdedicvhnguh5s6k;
em3uscfj5pl2cgrl;
u75jkrt3umu2c7pn;
vhbbidwvzwhahsrg;
underdj5ziov3ic7;1
7ksyb2i7i5uvsu2n;
2222kxv6tldvlsn7;
jzn5w5pac26sqef4;
countrfoioed4ckx;
lchudiynquqkodjj;
jd6yhuwcivehvdt4;
2agobs57djngatwc;
braveb6iyacflzc2;
rospravovkdvaobr;
lnwxejysejqjlm3l;
lelantoss7bcnwbv;
qx7j2selmom4ioxf;
wikitat2mm7nd35c;
zj45fq6q5f7m56z2;
n6e64mxbpwglofvs;
godnotaba36dsabv;11
hansamkt2rr6nfg3;
5slxqzbtjz5uu4pt;
arch3rsecgjqcmjb;
cityzenp4d2eytjh;
ltact6a6m6k2ckmp;
uc5wx66rdttl6azv;
bitstfya5jxnujtr;
2222222223hj36o5;
77e63uoye2iwt5fz;
zakectglg6r3caz4;
c3jemx2ube5v5zpg;
aewfdl3tyohbcenp;
zgfgvob256pffy62;
ziadoxvr77y7ifvs;
tssa3saypkimmkcy;
h6di2aren6evfg6k;
qputrq3ejx42btla;
nucleusoitxmebfx;
uouwxld4urvtvzim;
uyldegbavkkfja3u;
thehub7gqe43miyc;
24hourspkcmd7bvr;
ijr246luczc74cgm;
lnuao66whig7pjjo;
bskoid4l5redrw5m;
otmbrbthhqhlmzee;
bvildenemxsly33q;
oafadq2h6kxeaahu;
ncikv3i4qfzwy2qy;
qmkwnm6hemrpuzs7;
ol346fucnsjru223;
vhgli4v7feaaz7ka;
publicibkxahavzc;
itemnaaj35zkkako;
gipg4nhonsytlvq5;
5i3gqg3jz7zs6x62;
lacbzj2y2uwgdxyq;
5bjte3wc7vn7wkrv;
myx7pt2xtsp3sjyg;
kj46r3dp3hwfaenz;
imdk4xvljqsyjocv;
4limjlssg7qdaweh;
6wgmhnbm3jaqghtl;
spvxwgi4e73dfcs4;
hiddndirxehee3zn;1
orangeurlfr32v43;
726hbkwisbkdjivb;
solarmovie6rystf;1
wwqrgdcixgxkgzyd;
ounjkwsqowuwfsu2;
wo57yc5oiry6xukk;
idomquol7lannf22;
money2mxtcfcauot;
nwvk3svshonwqfjs;
mail2tor2zyjdctd;
rothminr5wgew3f4;
n7cad27hyjaqq2hu;
bet4winf2rjaitd4;
kjk4qvgg6usnvwyh;
wtzufw64nt7cloaq;
pwoah323oqwbyiko;
bitmixergv5vvbza;
v3bpt2x7iuz3gr2n;
ucbcx5gjzketyjhj;
graffenteqk3od63;
zkkc7e5rwvs4bpxm;
cvalleyeo5lm7gyr;
dreamrvfuqrpzn4q;
7lk3im6257tmmjv2;
shyserversmg4gfe;
grams7w757sj34ie;
d46irpoo6xljwysz;
piratecr44nh3nw4;
kurdox4tfzujxddq;
5qahzzgawtqnrhux;
2222222iqv7qzecz;
6zdgh5a5e6zpchdz;
rospravjmnxyxlu3;
alphyzsxv56pcwy3;
f6tch6hxjpazaowz;
cxoqh6bd23xa6yiz;
222222einb2dtou3;
3vcqxi2ncgzn5wo3;
6w6vcynl6dumn67c;
oniichanylo2tsi4;
klbl4glo2btuwyok;
wlupld3ptjvsgwqw;
3g2upl4pq6kufc4m;
6khnf2ce7iaagljh;
grams22su45rkgbv;
gkf352hyigqoan2g;
drugs26ucskmvcef;
fakepasvv3holddd;
bm6hsivrmdnxmw2f;
javajvlsworf3574;
rbpioimgrbgta7kt;
crdclub4wraumez4;
uksfvgmwpiww3n4s;
7uj5ubxjzj2w3lqo;
torc5bhzq6xorhb4;
pnlld76twbkskpai;
bitmailendavkbec;
pwofkk574gxcu3sp;
o7d32orwrcj2lvf2;
ahhldsqhacklabfw;
infotombjhy7tcrg;
suprbayoubiexnmp;
lwplxqzvmgu43uff;
rusilkusru6f57uw;
icocainpsv5u5vat;
rusilkv3catdeftu;
btcasia22em3bqoj;
vjxrcebsxvrtvl4u;
t4is3dhdc2jd4yhw;
y4qmucdt6rcjhyx5;
6d6hycywwcshn3hl;
agorahoob6wgtbre;
armoryohajjhou5m;
infidelvi3vx2ln2;
iqij37quu7cvaktl;
cardsunwqrzhg5cw;
pppierreqdmdhrfm;
33ohdtwz5vd2g3w7;
umbrpjpk7cf6lhgd;
whi7fdjqfahtmsqa;
easyvisa5i67p2hc;
vola7ileiax4ueow;
dua6u3dsufohrnsz;
ffi5v46ttwgx3fby;
2kka4f23pcxgqkpv;
deepirc23ukiben3;
ugs5f2u4akwbzr64;
2c5whdbcb6m2c2xx;
btwgkajzm5bsc3gn;
fudkjb2tonsizx7c;
psb4ukrhoqqcdubr;
vfqnd6mieccqyiit;
3m2myjbdihroaven;
purpleum5m4w5jf5;
hzovy5vy36hrbxqv;
ktqxbqrhg5ai2c7f;
occuomegawqtkl6j;
matrixtgncbufd2r;1
servnetshsztndci;
glenndhfjybbk3mx;
453hlx7nqc7zytlz;
darkdirmpmoq3uur;
mrxa7yxl6tt7hz3v;
wuvdsbmbwyjzsgei;
zqktlwii7klvpbrm;
vxxca6ydhe3acv6h;
cukggkk6enbnihte;
oiiuv2gwl2jhvg3j;
kbxv2hlsy6phxalo;
xlvtwpdl2xgnyen6;
sinbox4irsyaauzo;
unjbp67usmi27d3t;
youvjbribqk2q4dg;
ve5xm7cj6aqlz5cx;
onionup2e2smambe;
onionirczesfffux;
grams2qepl6dyoxz;
koa4yi6df3odctfo;
cryptomixns23scr;
ugpe3bxxxqqrw43m;
ddoscguncmmjoxqb;
vendorcugc6oppvb;
forgery7hhghvjjo;
obrrsrw6b3rjuibx;
psyched25pydrgul;
jirk5u4osbsr34t5;
cryptomktgxdn2zd;
j4yvbpokab2qzmq7;
n3q7l52nfpm77vnf;
grams6rsvgp763vl;
jlve2y45zacpbz6s;
njwzqbbwt5wpenog;
bryemnekeevtpomb;
v3helpuiyxzw3j7x;
tgypexfizxmgv5wx;
zfwpyqpfilx5voc2;
54ogum7gwxhtgiya;
ttagroupnnowjzzx;
bitblendervrfkzr;
o6klk2vxlpunyqt6;
acabtd4btrxjjrvr;
zm5bh4xrm6r3cpnp;
trinixyjjk7pcbmm;
allyour4nert7pkh;
wallstyizjhkrvmj;
yiy4ksveqrax675y;
stock77777y3kpij;
jvyu37pcvo4tia5z;
vnioqlbi66xfqkfc;
en35tuzqmn4lofbk;
amazond7kkw4z754;
uzpsnetq2lpx6pv6;
poverty4657tlx6h;
254iloft5cheh2y2;
zce2gyru25cvynqc;
linkskgiymtyszdb;
s5q54hfww56ov2xc;
mcretro35qepy5cy;7
pyl7a4ccwgpxm6rd;
sqqtd3dprdsp3fzq;
prjadetzgebvdmb6;
e6uvmbjobebss6kl;
n3c5n2h7454t5w5u;
67p4weg7hoowpvc3;
silkroadyh2dmuad;
multivpnwbercchz;
qdfajujwfc6bx6hq;
haklab4ulibiyeix;
e7sin3urmxxcnu6a;
vrimutd6so6a565x;
wacky2yx73r2bjys;
sqkkdyq5r4ybjeju;
n45k6cc4eud4tvp7;
l3pwaatzhgswqur3;
j6uhdvbhz74oefxf;
dnstatstzgfcalax;
spr3udtjiegxevzt;
jb5mzahvdwldvqt3;
jr33ggu3ctblme4d;
pm3ptvviyybxhymb;
gqe5keek4vzphqqs;
3theget7n3g3qdwv;
fakeids5bps3l6qb;
deadnotejlktdu6u;
rssryqmagm2cmhux;
sollhs4nbdwwzka2;
fkyvwpu7ccsorke2;
pwoah32yumjoptcq;
onionlandbakyt3j;
pwoah7foa6au2pul;
aeutwmrzlllw7jag;
cbnujyutccrk267j;
3fyb44wdhnd2ghhl;
dashwikita46grw5;
ltxocqh4nvwkofil;
thezeromj2umfc42;
nc6zafx6yndacb5w;
usd4cx7otgnx6wtp;
v67kboapjeeg2yac;
nvm5gtzhsl4eleh4;
wolwmr4u66ybehpu;
tytbeta57rw2onit;
shopsat2dotfotbs;
chat7zlxojqcf3nv;
milworme5c53ldlu;
matangacepd2bx4e;
deadpool4x4a25ys;
gvxtkcbjnslm5vnt;
nywtfc35kvl5oy5g;
p5uploa5ecphuu26;
rzb5nlpvy5oqnket;
udrlihpz2ncsqxvc;
fizxfsi3cad3kn7v;
blkbooknivr3s36u;
at3o24mj2rfabkca;
gnvweaoe2xzjqldu;
mwl3znktk7mqogdv;
tt75atziadj4duff;
greendrgfjz7ks5f;
hpjw636qnt5avq62;
pmwdzvbyvnmwobk5;
65px7xq64qrib2fx;
53flpnlls43fcguy;
eon3o2n4tohozwsu;
jrcdyxk73fwo67mn;
bm26rwk32m7u7rec;
f2glmbrdyjuvuqnf;
sumzlr6gpvnxcndx;
bjw5ngvuevhh7vma;
gunsdtk47tolcrre;
qd73mvvc7v7zewwl;
grams7enufi7jmdl;
53n2lkhj2lfz23kr;
doggyfipznipbaia;
222222222c7r2gdj;
narnia52v52ankch;
c4rdswevdg4xr7aj;
akmb7t5w56jcfgwf;
privacygnk5vuzea;
kickassugvgoftuk;
omega3gobnipc5pc;
jtkv3p7c5tyseswh;
rightlorjf7xlohw;
nymphetowhsn3gpf;
torsniffrqvvkv4x;
ll7wjdf5rkswdjgc;
k5vbzl3ucwsjf2ye;
p6x47b547s2fkmj3;
qf7bzc2hcmmooqnb;
znsxb5weeh44pxwk;
7zzxr2detq7kszxm;
oeioei4qg23lbvew;
prepaid3jdde64ro;
4hohkxjvlt5fjzqv;4
h3lrzhll56g7smk7;
s35xfhimyrnllgzs;
rso4hutlefirefqp;
gsg76olii5zcykdx;
grams7j3f6giyzmy;
pwoah22f7t7zphvh;
facebookcorewwwi;
32avzir6unmcg2y2;1
toplinkzrey4sfaf;
qbj5eznyjs5q7rok;
bffgtvlsqtnktf6b;
z4kzldluie37m5vp;
mw65h25kqmwkb6ur;
mango7ujh3rmxgoh;
hackeroql4l2mejs;
nfkrkvghv75xsf26;
onelonhoourmypmh;
pmpxmhmaxkua3q6g;
cardsp2g54ybnvpg;
6ktcfgx5gqarh2fc;
yrz2nwkffev22vlo;
leomarketjdridoo;
seomonivzvt73xks;
fakeidskhfik46ux;
rjuvjyygjqm6mlqm;
76ssfjn22svo4vyl;
strngbxhwyuu37a3;
bx26hthu5tk7qedw;
utcomsocmtkxlazp;
neboardo3svhysmd;4
postits4tga4cqts;
dnmavengeradt4vo;
uc2kdz7vkrwl4d2u;
grams7eu3phkfrt3;
binario5yvaed5ie;
cdvuvwn35uwd7r22;
34t4fhytnawzwsl7;
drakgeyzdhx3r573;
tgnv2pssfumdedyw;
ooxafc2j4y2gjr6l;
663wbgqczxp445am;
klpcsa2yqra6ucmh;
6vcnwoj76je4b4ua;1
uwm2wosrob3gplxy;
nzxj65x32vh2fkhk;
7syv6uzukn2fr56q;
bpo4ybbs2apk4sk4;
t3e6lywrllkc3qm2;
boyvidscckevqedz;1
njs4tmqjy64rpyji;
ab6bp37gsthaqsc3;
k5vshxaeqpelcwyb;
edhvty7dkr376je2;
roscard5xxpj4g3g;
22pl2l2jfxqckoco;
lulzwrzcle5ks3se;
zzq7gpluliw6iq7l;
bbjoy7qoo5hhqpdc;
32pbf32xi6ccm63z;
iuektur6bicvfwcq;
ctny7rdyl2vfaf66;
ckjp7bxmho6no3gw;
torrentzwealmisr;
al2ecet5b2x52ho2;
artsmankindxgcv5;
3qbyaoohkcqkzrz6;
mzmxmkivtasbzhjo;
x6ow5ccafb7bnufx;
whsoo2gch6okqxry;
vi2capght3xueg3z;
7s3nynpq2hbyiqaa;
ep2jddbvpsfl7iz4;
ld5meqx5wkaxmyif;
violet77pvqdmsiy;
k4btcoezc5tlxyaf;
pknrtwwjphm6gpi5;
7jkl2twalnpfrxia;
zenithccenfbee7n;
tpqr4vpyibch43dl;
hhnovpxmqrw4xaqg;
5xc7mqum5xa4mh53;
kvgrjfzvjbhnguoe;
mobil7rab6nuf7vx;
qo2t3b6c7yx5oqju;
gucax26wvifjpka5;
reloadedudjtjvxr;1
ayeuj3omyh7x5imq;
zohaq6hhk2p52c7d;
depastedihrn3jtw;
deeplinkdeatbml7;4
h72y5y3tt5lqn64i;
f2mz6ttcwyslnz5u;
cockmailwwfvrtqj;
k4sy5rzxqzjfm7wk;
secrdrop5wyphb5x;
54ogum7tkwzlrayr;5
c3jemx2z7t2b5ogr;
xfmro77i3lixucja;
zcashph5mxqjjby2;
vgvtl7rf47ntkts3;
donksunrwimg76cz;
twlba5j7oo5g4kj5;
torwebpa6vb7icfm;
37lnq2veifl4kar7;
rt7afewsclpdgzxi;
xnyvcjj6ybauprjx;
chatslf537c7qa6k;
w7yue5dc5amppggs;
47au5m4eukoxy2a7;
k5vbzl3dncboyths;
ncmqr7lzw5idplkk;
t2bvkqv5w564zxmv;
t334jtenffwphknr;
v6gdwmm7ed4oifvd;
darksdsp6iexyidx;
pdizimmrq5mwjkun;23
zv5wepan4gwbd3su;
zhgu7ehjsho2djr3;
nql7pv7k32nnqor2;
wlnbx7bjvnrqgpa7;
edsec5zn26zqjwry;
vgf2b5e7uj6kfxcy;
4emy3qafiomnygu4;
blenderi54mbtyhz;
ethy5nms26vmoean;
newsiiwanaduqpre;
ueujbytsstmxqon3;
udujmgc26migdxpr;
sigaintv6qfayzx6;
torxmppu5u7amsed;
xuytcbrwbxbxwnbu;
drystagepmi5msdm;1
uzrmpw3rsmlkwqbx;
secretsxsrvlpawm;
dljend4f4whooa7p;
ggoenh4wlsbzxpki;
qmbuxbc2vwgtcxkc;
jwrapemh6myvp76t;
jesblogfnk2boep4;
iybwz5aq2yoig7q6;
sipherl2xokvirou;
sx7qldnylnmaszzk;
pfoxbbsmpjgzhg7h;
shops3jckh3dexzy;
dmzwvie2gmtwszof;
smoker32pk4qt3mx;
fr6scuhdp5dqvy7d;
wllef6hh2mt6uoi4;
fakeid5hhnlopuiz;
kbvbh4kdddiha2ht;
fqqqxdt5aovf5skl;
hzwdrkjtm5i2uwtb;
bankshopiweol3mv;
darkmarabrstwfuh;
bitstorenctdwhmo;
i2vpnraen5bggqge;
x2tzc4z2kdi5io4j;
s26o5c4vj4lesojy;
grr7fri2vhnzvd3v;
5j7saze5byfqccf3;
czdx2kv2qyr2bxxv;
7vrl523532rjjznj;
hg5km4y37lgir6r3;
5vekryl2u5rrxqli;
stariusluxrdfjch;
wagzpur2lt6ynegk;
t63gzjjszyeg5j52;
plasticmavm3fw7q;
mxdq2h6d5n3bakey;
qx7j2seie2ffbzxy;
7ln4cubdfhs7tvtz;
papyrefb2tdk6czd;
doxxtereufvckkiz;
burgerfroz4jrjwt;
wayawaytcl3k66fl;3
nrktipspgpsyoqwo;
teddanzignblrntr;
qrw3w45sx7niqcpg;
unionsoe3yw6fxaq;
cerberussssc7cat;
lc6utkquc3rjly7q;
apvc24autvavxuc6;
ppccpzam4nurujzv;
bmagtqqinsaafwx6;
gmts3xxfrbfxdm3a;
rstorsutllnoqyuu;
fbcy5ylyoeqzqzcr;
verified2ebdpvms;
cannabi4ewmalq3g;
2zhin7xk3tr4os5p;
33oifeg53souby5f;
wlcpmruglhxp6quz;
ejsrfugryg3txyqh;
wbyi72yt6gitdcqd;
apbv6itrkcr7k3ny;1
fdpogivefk34xkbd;
ndvj2ol2viuadm6l;
cyruservvvklto2l;
mckgtgflbqmhotll;
222222222nykzrsh;
6w2nyvsf77q72ue6;
wiki5kauuihowqi5;
h2ubt3eodqfpzycc;
fixedlwgc3burzts;
2festxvscdtx6fzm;
vxx2tfzprjm56eka;4
familybw6azkhjsc;
22ozauzmrn3zxkog;
tp5vughmyet7mnij;
hsv47rw3y6r3h5ji;
payshielgjp4lsmx;
ezuwnhj5j6mtk4xr;
264nglqbtqlabsxl;
bwdvsqsbf7c5jo6m;
shopsusnnxnt43f4;
kr5hou2zh4qtebqk;
34knp4s6gxg7vfkm;
22222222xsj7g55v;
4b4otdmj4cfdtcvx;
netauth3qialu2ha;
oawsl7i4wq2pnipe;
xmuhuz4rwd4q4wub;
sfuulriypdms4mnl;
susna7djpe7ucrbk;
typefacew3ijwkgg;
relatecxjngl4qs7;
vadinodj37fpo64t;
3w4eecckrum3nklz;
ckc5lmhwg3d2usv3;
bq2ncjv5qb6zw42p;
t4oxrwmm7j7qgo2o;
searx7hcqiogbrhk;
kc4nxpvkynn27336;
32rfckwuorlf4dlv;
cstoreav7i44h2lr;
cxiz4ysttf3jpnyc;
ppccpzam63drtosy;
ouvelbu7hiqzmepc;
ypgit2ylveztgl32;
2pdkdy3eo552mpiz;
tibet2bhyc653qub;
hosting6iar5zo7c;
searchb5a7tmimez;
ffnvwnmp7uqyfufk;
2t4a3yeutq6ohbvs;
dedopedhvmcsxylb;
hideki24bd6yof6s;
33y6fjyhs3phzfjj;
r3yuljaqrzc7nurq;
4jzi5edsd2ixx43p;
cq6qn2n5rfun4qji;
hnzhmdp56sbjqctp;
slpwlkryjujyjhct;
h4noaxhnr74vrqlr;
t352fwt225ao5mom;
bitcoinosop7kfql;
2ogmrlfzdthnwkez;
nudes2fdd6b775zr;
appleze2rg3on25s;
nwo2o4laplucctsv;
tfwdi3izigxllure;
z373bxyt6zhmxepx;
s6424n4x4bsmqs27;
moycqyrsxkxzwamx;
coincloud25txgdf;
uphnm2dgilz4dysl;
vp5rhkntohnccxea;
7e3y4emabflhgofh;
mixerrzbgcknjzk4;
khicksdkaloavedb;
jzn5w5paiuf24gsh;
jfsen2rfaxoh6m25;
syro2eznzea2xbpi;
3m2tlhjsoxws2akz;
pq7yabstfuxw3fwh;
pablo6zbxiijn5hd;
7p353cj3lehqitsi;
vvvvvvvv766nz273;
nximq4nynt7e3gxm;
regeotqlnafehgk7;
4fvfamdpoulu2nms;
roothitpesjylrta;
deepdotibd5fmuel;
infinityzdc7wepx;
nt4f7fzcjoe3f5aj;
quhhje7as2b74nmi;
wll33zn2ebxmoe2k;
apply2hae44hx37c;
ophelieqqdbgdmza;
logouvlhfh5u6dp6;
76xxdyqycmwirtot;
wi7qkxyrdpu5cmvr;
wdpwzykrrqq4p7w7;
222222222hldsq4k;
dreamhjnmcifugwr;
hqarfdh5e7gsmr42;
ischools4k7batnz;
bc6zrm5irv7yqapm;
hackharhoaw3yk5q;
debyjsrnyjduf3b6;
l4o2snupk3jji7wk;
xpgylzydxykgdqyg;
easyppslbft37xq7;
costeiraumsbdt2q;
qkj4drtgvpm7eecl;
gbrbtwawgum7hz3g;
yzzten64i77zho65;
rb564gvo6isyhayz;
weed46fkpfzc3lvi;
2v3ojv6gnmpuqiv6;
onionbr5zulufnuj;
fpchr2r7mnpiuuq2;
nttvtf6ji3fk7qvr;
rusilkustvysnokg;
zrxdzzwlxd35tbf5;
4hltmu5ywvjivcfe;
webmpwnf4p2cssrw;
freenet7cul5qsz6;
w2h5cvocmx3qfo53;
hmb66qfuzfpx2cm6;
evl7hlif7najivfn;
footballthj7o5w3;
adarkfe6a34eqonr;
djmrwe2r45qf5bjj;
pyxpxjorkswppaai;
fb2lib3argrtulnw;
ymhulceusuzrj3i5;
sinbox4ywhkabur3;
wpzvprpnhhcypnn4;
betcoinahk4j27yb;
lcvkso2t5t3cmy3x;
atlas777hhh7mcs7;
buybit4xcbat2cwn;
onja764ig6vah2jo;
74i677egkh3zlk6r;
e64tunufz7tvbbpt;
rijz4vgcxatzeve3;
iqlnpfvb36bqjjpc;
lr5aku77lwbosqvp;
pda4geq7wbiuive2;
aft66awfhecjiseq;
braveb6wkyeflvci;
jchiyogcbhkamxv5;
chchchiasaeljqgs;
bwp5s74ca4xv65a4;
magicrulesunpaa6;
uhu7jakqd6ttrqlw;
r2fklk3x77xr5i4u;
r2dh5v35nw7xh5s5;
mj43hpsh6poc72yr;
2222222afubjlbhm;
7l2xvzmbdmrx4mjl;
thundersplv36ecb;
ewokqwbnd3wrnbxg;
jgsl3bktj7m63hee;
abp7hndzgazze2wy;
cocahze7fqy4qwwx;
ufxa64dzsqrewny7;
spr3udtxzms7dv3x;
frc7ihlkarakfjzd;
s6r2spmgts5tycki;
52ofxowwd5yonjoy;
dtchp2f74jp64odp;
cnrfdwrftsuw6mch;
on5q7dqzlct7fvef;
y5fmhyqdr6r7ddws;
youmad6gb7kvr7if;
yuvox5mt6nulou72;
projpmcxufvim7be;
3g2upl4t5houfo4y;
q43yxitokbmbgzvh;
teste6pirnpifecj;1
ta66nfopjkdkieuv;
d2wssrzhsfdj7x3p;
toxdirskqkvuogte;
ipfhnseo4hgfw5mg;
76hrjuanhamaxqob;
krkzagd5yo4bvypt;
7sandjqne7uywp6s;
toristinkirir4xj;
vwyclnha733xykha;
hackcanl2o4lvmnv;
cpbeftwgsfw7jsyt;
zxjfjm5iinmgezyj;
2222222tokohyvrz;
pgpkeysximvxiazm;
tl7pri4p6haltiav;
w53qxqs27amlrwnm;
6xep5srdddbtosyk;
6axcig5jgptnkaj2;
iwxicbrknwnl4qyl;
ctbservermurt37p;
hardblush4fncbgz;
o4wwol2kcqzwszjz;
xym5qdjlqrpq2rj7;
arcbatjfohvf2ahk;
oqgxnwyrufcvgu2o;
5wm6oiv5wizaenjh;
2dmrunyyp6bp53th;
grams5ieqi6zi3n7;
uuxrei5or65anucg;
pab3vhzwe44uwphp;
bv2c3p4rpmjjgwzm;
dg6umxxxb5zcuz3g;
m2cylfgzmxwauyqz;
cash2btc4no5q4ml;
scryptmaildniwm6;
jziywzuk7lxqpzqf;
344c6kbnjnljjzlz;
d3ej7kbjxenhfvzk;
bgub4rjfhyxez6lq;
easycoiosaggcpdj;
xigwdw2vnjxyp5rq;
of4fjg5hgleayzw3;
cleaner6aflzxnio;
suchobisx3wf5p64;
alliancepycqnioz;
idcforumremsa2jk;
idcmarkethmn53sg;
fakeidjgjmadhyr6;
ll6lardicrvrljvq;
tigas3l7uusztiqu;
eiv42d26wdbrjwwe;
cvj6vhcpvmsnhib7;
tpq5sxk5cgdf35uq;
zilionrvcrzixedi;
q6mgy73kurvckv3m;
wc2eyfmw7wrwomf4;
amazon37wwixmyne;
spicerckk3nrowry;
traderouteilbgzt;
qxrfdrbx42pmsrrx;
scrum537xrz5b2ru;
expyuzz4wqqyqhjn;
4ocjd3ubbxq6ykw7;
mhutvxqxiu6twcpe;
aeriszyr4wbpvuo2;
efxg3mscme5hy7je;
e4unrusy7se5evw5;
paneldhwwhajmxix;
qpxxwuyh7izxikjo;
ob77hr4wkdotlcje;
4ypuji3wwrg5zoxm;
uw3lqa6whwrxspld;
z4qvb5q3uvjy7szo;
purzelmactebchb4;
ezdg3jfctphejv3x;
coindrksd7ggy52o;
ssu5ec4sa5s62bqc;
sgqjml3dstgmarn3;
saefjmgij57x5gky;
crcm7c76fw4rqe4s;
63p3tiolv7pup567;
ffcos5cxbswsl4yr;
alphabay54qdm7bn;
dll3wp6peq4wsixy;
gyfwhn5mewagwr6v;
335yjxs5mggqqueu;
bfclsxyqtnwkrr2l;
swehackmzys2gpmb;
hbooruahi4zr2h73;
cjakglmv3vidqwgt;
ni6tawzfmtcmg2jy;
blackph5fuiz72bf;
nfs6e454oyvajfro;
6kqjfpq7vizkvmla;
53gkwpjz5rp2jczx;
xkow4dnkw7cusncz;
archmail5fanreo5;
armory24hkkvmjbd;
eqnbwy4b4k4lrlq5;
2nz6sqeokna3agf5;
nimjytdjvjtfxdgm;
eozm6j6i4mmme2p5;
rne4dheax4oobmmf;
apkx44pmf7fyd63e;
instantxiqyycf5n;
2uteam7ttsrvcycq;
5rud2tr7sm3oskw5;
hngzc77e55qy5vqn;
zupyv3e5spdok6nw;2
fucvaosq2b46n4sz;
wlchatc3pjwpli5r;
ayp3gd4pm4qduff3;
6chjec44v5lmeddd;
w2skfegthbywoqqq;
torvpsircvjnuj3m;
v4y7wyoua2jwdf43;
chbetteratd6wskq;
evdepf3pss7xuotx;
rf3xojfkckdumtvj;
kiy52zq46nqu426l;
kbhpodhnfxl3clb4;
milkroadt57gjons;
2or24opd2hkebadv;
lijbt6ju7m6opkzb;
wtwfzc6ty2s6x4po;
uvgnugc3nvdgboc2;
gkgwhrau5yejzizo;
y33v26yllonkbpuz;
jmkxdr4djc3cpsei;
ejqusnadq7sqyjrm;
opjbdml5ribad7oi;
xd7jq2dudyui4ffe;
eljst6meu3fojeju;
kxj255o2nmv4kaao;
cww4mgb635hjpkti;
5ixwyic4lkkxt2dq;
ejnimeikpyqrzbwd;
vu2wohoog2bytxgr;
bbbburnsnx2za2tp;
7bpp64gz27coxhjg;
vrmfaneizwqouf5k;
ze6ms22z3m3h7q2w;
ransumpdfrypfnmj;
d5c6kvvaxvjlkzkw;
7iotvmzd35c4d2eu;
z2wyy3l6luhctsoa;
prometh5ommmcm4f;1
cleancoikmh6uamc;
slamspeechicukxu;
stonedkj4x37iaov;
3expgpdnrrzezf7r;
bitmixer2whesjgj;
3kyl4i7bfdgwelmf;
usjudr3c6ez6tesi;
costeirazb2xecgs;
6qcll3kmt7grddeo;
vc3qj2iti5dkxryk;
ad2ztmbv5vmbj7ic;
xkdpy6ycw62s4wfk;
mnyz5rno5konjbnl;
mb4z3nlfyrcjnoqf;
chennaouhnnozoob;
zdobrh7ncrwttnjq;
lu4qfnnkbnduxurt;
nla423n3gyyunhci;
i55cn6wxv4nnhf33;
secmailw453j7piv;
3dbr5t4pygahedms;
escrowt64zp4vb4f;
zrwxcayqc4jgggnm;
d33pzjppzy7d37r2;
hcutffpecnc44vef;
tpvj6abq225m5pcf;
jitxo5mxdgwnvfbz;
ztvcyfnj6fvvuklj;
xijymvzq4zkyubfe;
w5ifkainqlgtvg7a;
ovc2s56sxugqfabg;
2222222222hofxwd;
fzqnrlcvhkgbdwx5;
cmzr4dz3begkpwa2;
57kyoqd5f6u62wz2;
cfudbizo5i5r6lf6;
dfrbsihrp5ixghmj;
6ubux6ppafr24izl;
27lelchgcvs2wpm7;
qu3luqplnrd664z5;
xhywwjcqyawvj7o6;
svoboda2ncbezafa;
grams7euume7rldd;
crackbtcuy6cfage;
blogkdarambbqswe;
gmsxeo3ypjsn3itb;
dtkeubgx47jeqvag;
tgel7v4rpcllsrk2;
ccrewvvvj2x2itow;
cwoiopiifrlzcuos;
qnwpupud3hyir6qp;
n7a5rsk7ktf4xc5s;
pep2dvujfnegpwqd;
pf5dahldauhrjxfd;
yuxv6qujajqvmypv;
qx2xyhtp6on7gtns;
s2fbitwk52wwnuun;
a5gvhrpulvq33b3q;
gvshirfqayaedkvk;
24xbtc424rgg5zah;
milkroade4hg3i73;
3dhhvanohryezb3p;
darknetco4i4prlp;
rp4roxeuhcf2vgft;
hiwiki544q5q4gbt;
2ttafocrkv7gx3op;
dxsvp63wu55yg6rk;
lmhrmbouhkffosig;
by7wgilz26kb6xub;
wvb2sc7s6ak5deca;
5plvrsgydwy2sgce;
6edcdxdff2qej7b3;
zuzqovzpjyvrkfsa;
f5riexbpirf57fll;
2222ppclgy2amp23;
qn4qfeeslglmwxgb;
pariseqvmpn3flwg;
utionpckyfxjqcwm;
slkushhma4pmfirg;
blenderri3sud4e6;
5i4zmry6jyql2jsq;
222222ssvvnnd6fq;
lchudikfyjafhqjj;
mt3plrzdiyqf6jim;
phmc5tpcdu2mdvzw;
cloudninetve7kme;
2pdomepcdltqck2t;
daay7qpaxweqwaks;
vx5fq53y7khhg2ge;
xvongvtbaoxu42xe;
wz65oft6ojy3n4jc;
tghtnwsywvvhromy;
btce7mfnhnpdkg5k;
africagdzf2ae5aw;
e7luprqb4nhcgyfk;
6o2n6kyvlycon5sp;
issfas642wg6tjmp;
sitesbr4zb63apyb;
mknh2yk7ovorzjis;
madwkd2bdwafaj3q;
pq2edtcdmyuxodvu;
ladhzzr73kxkifxg;
gvhxsuqzj3paeps4;
vandyke4mvuffjkm;
eeyovrly7charuku;
53d2mpesznvqta7j;
ebxqgaz3dwywcoxl;
piratecovfmdvt27;
casinou2gs2xlkfw;
footb6kqariohxcf;
74ypjqjwf6oejmax;
leuknw7jtr2fgu7e;
vlfbc5fvjriimhth;
2maxgyqgm7xro7bp;
lolicore75rq3tm5;
zuag53c4qgqiw2qr;
z7pni65w4axnqztv;
uuem3ustelkjew62;
2qrdpvonwwqnic7j;1
npdaaf3s3f2xrmlo;
5r4bjnjug3apqdii;
apple5e3lqymppzp;
rhqznyizybeqpemh;
ponieslzi3ivbynd;
33zkmk6dehjrecdm;
zy7fh3quj2rmloun;
zpzby2nphgkbaphu;
ccccjkjmyrhlbyi4;
hbjxohsz7ix5w6b4;
spacechadxxpkf6t;
zeke6uidejuegkvy;
xyaukzqqcdkop4ui;
shadowrnzghb5zhb;
5eme2auqilcux2wq;
pic2torqdbtzkasl;
skgmctqnhyvfava3;
y3fpieiezy2sin4a;
j2h2mrzskje3om2b;
gunsdarkhzyowteb;
7orddpc7lgsdxvnw;
typehostrbkz6vwk;
oez45zopr4glmlcs;
jdpskjmgy6kk4urv;
qigtdsryz7tx6p2v;
35flmpspwpnarbos;
wx3wmh767azjjl4v;
22222223nm4siaje;
epyahb2pvqbaglre;
nare7pqnmnojs2pg;
bitcoinbixdjdl43;
gotham22iwmkmzcn;
bcguyqync45rcddr;
atqdyra5hnnuhrny;
zdfvqospmrbvzdn3;
oncqrzcr5sd64gb4;
ponies6pkgbjk7ey;
amazoncshbielrwp;
5ibpimzptwzjgbny;
blockchatvqztbll;
xr2klncycqgtkdut;
q7eb7ychylij3beq;
drugs4ynx74xribs;
3z7rlgb6ec575un4;
paypalacfi5pv4t2;
zfu7x4fuagirknhb;
umo3ndfmvdmfz3ju;
6eszvddenlwenv6y;
oxwugzccvk3dk6tj;
pk4fvbbadibabrta;
ou7zytv3h2yaosqq;
n2ha26oplph454e6;
djn4mhmbbqwjiq2v;
zanzibe4e4p4jdh2;1
kpj3orlxmfs6yqah;
yyhjzsrzatxfnsr3;
pdvdftayfhljdbr7;
n7jzk5wpel4tdog2;
fq7ushavwycmjcyr;
bodytomind5hql5r;
empereormbt3q3s2;
t3jullsf2g5mgdhv;
dogshith5ciwa5ua;
bc7sad3zql6ccfiz;
jratiejtelswmbov;
f5fkofgedqinrs6z;
africaohupkmxqrd;
vtd5dla2ee2xijmz;
dbqn3sqrmqyfy3xb;
realpissxny3hgyl;
2t7nmwlzcerkznop;
highkorea5ou4wcy;
shadowrvzgh4fvzw;
ccn5inv3bkps4l4u;
kdq2y44aaas2aiu4;1
laundrymy244rcwn;
ziliontkroj5prf4;
spotiloaddbc5vd5;
cnekwx4kmgztzgxq;
btcwash7jmra3hgm;
cartvs55wtzng5v3;
payshld6oxbu5eft;
3dboyshc32kjbfz6;
mborbcoym6cumoxq;
qubesos4rrrrz6n4;
cards5yvy44gucvo;
4ulztymoocewpojo;
wcnueib4qrsm544n;
64pmxsehe3fppmwq;
5kiuc45pat3qr6gd;
ffzhostb6gu7ngmr;
cmgvqnxjoiqthvrc;
pvlxj2fcjzphk5go;
mail2toriw542j4n;
pilletubnarawosh;
kitsune6uv4dtdve;
dejcg4lu6bakfhu7;
gso4vx44vwnlanwe;
dkij4reelh34nwgu;
addrupldqjzgpriy;
gunsjmzh2btr7lpy;
rxyt6gfigfoberml;
sonntag6ej43fv2d;
dxwuk4ssdedr3fut;
e4dxlu7v3wcsffp7;
ygzf7uqcusp4ayjs;
ev7fnjzjdbtu3miq;
4php6mnkteaouewp;
billsv3ungv6s4st;
zomyz24hxqabs7jb;
222222utze5numag;
haibanej33s4gfts;
5ks4hk6rque27zjs;
pharmacpr5lpfin5;
kwyz2bcyb6a2mqjp;
cgcin4hzzvtcaf5d;
kdrcxean24rxglcy;
zanzibbk7qjqo7oj;
v4gn2k725iokfu4u;
vtkihaa455umjowh;
wsll5inogfo7aozj;
vgyruvtmjabu7llq;
kstaplh572a5g3a2;
cardsm4fgcw5po3v;
c6wtpvznm4pk6q5u;
grams62k6tzgszaj;
kjpkmlafh2ra57wz;
gunsganjkiexjkew;
2sqq7m2fmbxilek5;
ez42lmugnriyv7k3;
l4o6emnaxzamxiyh;
bpvmvb4qstqekclu;
73lgals6htl7akfm;
tp4ewd72yavuouuy;
coinpigih6i444lm;
alldumps2wtdp6yo;
weedsragjdyuimdm;
xero62we6yifhpis;
oh6ev55uo4cmgh4w;
ferkey4nox6vbqwr;
ppp67mkx52bfpcun;
svyagrufqojpw2ge;
carddumpa36spoya;
oahj5rudhhpm6cou;
f7lqb5oicvsahone;
deaddrop6pdgft4z;
mpf3i4k43xc2usxj;
364wugxkjqseyb46;
lunacycipxdcd5rp;
behadm6j2aach5wr;
ctsxciusuws3yxch;
btcmixxihego4qyg;
kamagraujn45ja5w;
clgs64523yi2bkhz;
le5kp2b7pofcm4gd;
pahuxk3yy7uvpasi;
aaouiyrt23njidey;
mz252nufkj42unlf;
soupksx6vqh3ydda;
gox7on5trpbybzsn;
chatlistea3zbsck;
7z4nl4ojzggwicx5;
sh33jayxnq7af3i6;
ubcwdcu6o4dslgb6;
orstzgp36b4htjrk;
ccxdnvotswsk2c3f;
67d45ijoysurpcbv;
fhcnogcfx4zcq2e7;
psyco42cvnur3rac;
ofvibtptm3c3vxxw;
jcx3r2t55jc2ge5a;
6zpnjnytdocvncyw;
wcgqzqyfi7a6iu62;
compsmanuiqcdcrq;
j5rjiukt6kufgcaa;
73vlckwjtoqtueqx;
cocaineweogeta6y;
nikcubxroppyzzld;
e5qcqoax4chithot;
anon3vukb6poutg6;
cardtecdxboivkro;
royalbrikcrpjve2;
userl7qp24jlajyx;
e5dyelosweg6432w;
nr25kb2m2jurpd5e;
msmugacbj7qycqd7;
r2rzet3cauvfbxb6;
igozekf3agmwuolz;
dc5gee72qyaayr4d;
lietffpjc7wlckvv;
pdzdg7cbqal33ns6;
j5ch77n5nfiktfxj;
orang6jelula4o4d;
zwov6knqgdhfw2mq;
cardshopof6pkrnd;
countfagevz3vjxe;
4grifreiheityou3;
aor7exhyqwdm7nbu;
flugforumpwzz3wq;
libraryqtlpitkix;
7kuxpsodhm6kmeb6;
fuckyouhwlpp3odw;
mystorew25hgytln;
ltcpool5brio2gaj;
cryptorffquolzz6;
fogwalletgw4g2nc;
dgvdmophvhunawds;
n3jmokwllhv7klva;
ut3rclysspto2533;
mattmcc7nujegw3y;
aksyshheciib4oor;
omvffz7sau56te2b;
2x27nsl6vtywzoof;
acteam2nmbucjnht;
awlsj2y6mvz6hgzg;
slseul4b63xqkvmg;
uwsm3zmcmbjm7qz4;
bdlbvzqddbcti37i;
l33ter2w7q4bytfh;
whv2fq76cz3o36nk;
zc6be3lhdohxf3uw;
6tfvy2hpwntnv5e6;
ukd73tail7a32g5g;
25ffhnaechrbzwf3;
girlsj4sqwsybt4y;
roewfyjjhvmv6zbu;
fyvis6rti4cr4hh6;
hm2x56wxhc2b43xf;
abigispddied4mec;
dashorg64cjvj4s3;
fauftpffbmvh3p4h;
udujmgcoqw6o4cp4;
tinywwyrr6ikpl7n;
ibgk7stvp6bov6x6;
i3magh4qtge2ejzc;
hkisl3373gs67icm;
cocaine24cm22mx3;
yjuwkcxlgo7f7o6s;
bjjkaebas6uywama;
5v6psw5oqdurbpaq;
siphondkh34l5vki;
steemlohs6air4h2;
anonsteemnqvfma2;
mmm2qf6sgjl3gwjt;
system33cb4tgdhz;
r54er232j5mg3wlt;
grimlockdlsgupyj;
7cbqhjnlkivmigxf;
gu5ke7a2aguwfqhz;
fs2xs34y67evictp;
cvtwbn7mgxki7gvc;
7blkm7heoz7pym3l;
matangaqaxtg22aw;
7qsdbetuja5wrdmr;
earthqfvaeuv5bla;
btcjaww2avywtadz;
bwbvcvmbpnan6xsd;
2ulc6nqxtyi5gwzm;
d5ykgbnwdoa65op7;
rvy6qmlqfstv6rlz;
mx5dwqbkplnhcdzp;
ynvs3km32u33agwq;
qegkkh2dkcm7j3mr;
infernonnbznl6dm;
ojszjj56eml4wohh;
ohnhsuercp2uscpl;
b5tearqs4v4nvbup;
ma3lisqktqdlg3t6;
27ygtpv5svt2cizo;
22222222haocmxli;
7i42x3kjxjldvcqw;
owfffjaqvllmh4zi;
f2tfsob4btdpitpi;
5vjomgiuaysnad7d;
poldoxhh7h6zxgld;
ppalyfjmuh2mmp3m;
2x2hb5ykeu4qlxqe;
ydxw7wo63ob3muje;
5xgrs443ogbyfoh2;
uc4dewuu7g4fnlkr;
alphabaywyjrktqn;
bcbm4y7yusdxthg3;
opalrwf4mzmlfmag;
pmew6znterjncr3l;
pz3nshwatmlftx47;
p4yp4l4x3qmj3pcr;
sadovnikr6v4bd4g;
outlaw7kp2z6ufnc;
bookssutzsay4so3;1
ln6vyadk4hv3dnyt;
2e66tonot3xmcbn6;
2oi3zajmuxc5udde;
2wkwv7m4hetvqo3d;
tkyjzgbqfwk3gr55;
uhwikiwww4e4a2fc;
mackduck32sc32vs;
aaalinktbyhxngho;
s5wjo7jakzynjlp2;
mjjfzzbx7zx4qiom;
payshldjgsfjhaj2;
22222222235tlt3z;
netsec7moavvkprc;
3jgaapk4zrmxdvot;
fakebillkelmwaos;
mc6nld3smffo3vgm;
lpholfnvwbukqwye;
cw3zeqqmnr4yyqd5;
7aggi2bq4bms4dfo;
f7bphdxlqca3sevt;
fpsnzhibnrcwiwm6;
warrenguyis3q3tw;
alienzonexivmqro;
37w7wmygvu2u52zz;
2dwxhlokkkafulra;
bitcheseuwebep7e;
ninoetevzx2irhgj;
rqef5a5mebgq46y5;
tgjmmuhnbqsflnbm;
nmtxhylir27lxsxp;
platypusxchhwv6z;
vqu4mm5lczzpqj4a;
zyuc6ucewfwgnhvg;
swisslux25w4gwll;
iz3yca2to2djxva2;
silver22utraskml;
mmujyt5i3dbt2qgf;
ccjlwb22w6c22p2k;
lj3wigmbrvlalioc;
playboyb2af45y45;
ronxgr5zb4dkwdpt;
pbzl5p2uyganwo3k;
hiotuxliwisbp6mi;
ye224web57i3gblr;
syst3k2e5lysrei4;
b375tnr2irkicxty;
grams7hz3g22e4dq;
op4jvhn65pjv3slt;1
dgx3r53bffjfhopl;
ac7zotau5hzzciun;
jc3zu2izybbrf75d;
7ygiiyjkqzu62k4s;
7stieerozqdahz4o;
rxshop5jr56emmvz;
casesvrcgem4gnb5;
auutwvpd2kj5fwpg;
lisv3z5lsasnz22g;
foggeddriztrcar2;
rcw3tpb6kv4hyxuh;
a4yedjgciupu7zzt;
tnhhalr6lp7jlf4e;
bdpuqvl2ksq2vzs3;
hppikcru545manbi;
jv6dslvmqzrp6h64;
baxugux4imiklpre;
kexh7xtghwmasznr;
dreamrlketpmv454;
tbvljxgtqw4qupsr;
eupillu4np223oxe;
yhc266qdppkt7bie;
elwmfxkjwkax3647;
cqxalq3h7uynx7th;
alc3geathegs5qpb;
psbomqukr7m5xc7j;
ayllpiejfothmgsc;
bitlox2twvzwbzpk;
e5kv65bgeaudo7bk;
apfront5qxkubpis;
tetatl6umgbmtv27;
vaultu7dxw5bbg37;
pedobear63bya4z5;
ihdhoeoovbtgutfm;
grams2rdftu4mhps;
bfvfq7hjcdoinzo4;
bah37war75xzkpla;
hxnibog5m2ocjeef;
shcgxikdjcqcbnb7;
aze7ihwyvitc2pws;
xfiles4wgbru6qzm;
g5ldhc4ku4jzbily;
pmqivrjcsfmngr4i;
kdo6te5fpazcd3zv;
xdsa5xcrrrxxxolc;
linklistpugaiwpi;
b2lqdo3v4tphyqbf;
ammd7ytxcpeavif2;
yniir5c6cmuwslfl;
anarchy3fa3bcada;
anonboy5e4z6vxdl;
bptimju5re5m2o7u;
rampshop72lq6kp6;
inclibuql666c5c4;
lelantok6skjbrkg;
escrowo6iazahs2k;
nvm5m3haipf2gqbi;
vds6nt7o53aloful;
fom2en2e2knxvsah;
b6lmqk6ovmfhrm4a;
jsbpbdf6mpw6s2oz;
xhzm2tpsyh4tn37u;
pwoah7foyf3dvov7;
tiuyoubwlanainft;
a7aaaxaharakagan;
rikeqdbqctzyukdy;
4m6omb3gmrmnwzxi;
uhkplurmvltqen4k;
vr75g7ybia7oqyly;
vq664mp4rpdbvxzc;
542bdtenxno7u7kg;
passaork4ojyk3ju;
7sonhdf4csy6xi6j;
l3vv4lvjxgy5i7i2;
dqeasamlf3jld2kz;
3ycqhzac5kdkcu4r;
diasporaaqmjixh5;
matangareonmy6bg;
deepchanhryhk6k7;
eyy4qqf324ojjctw;
m4ur7gtcqiekd24x;
teranovif5tsxdb6;
anonopsmazrmrvws;
sqtluqnjl6txj2n2;
y6xjgkgwj47us5ca;
drugszun7tvsgsaa;
j5ehssrshpxpdkto;
n4udgsuyqgvaszza;
tm47kmrvlxuibig7;
6nefp5kt5yibi25s;
zwmyop4e532wpe3z;
monero7tukbkxn57;
replicasuwrsffzj;
planets5zjp6l473;
e5dq2dukn4pfl5k2;
geiiadmqjf7n7q2m;
4nxnu47qd2spvyv2;
janos54dvrchuren;
hansamkt3iph6sbb;
ta5uvys6ngju6zeo;
sroad36v7x3k45bl;
redditor3a2spgd6;
22222frgbeyo3n7v;
vqzhu2cs4pejapvv;
6nv3ix7omzrty6cm;
i7ycpa3ccfr73gz5;
4famdvaifncy3s5u;
armsmhmd4c3hb5xu;
gexauw6b2azvohdm;
g5jkxbkkdym7mrlc;
beast7ruvpc3qjhv;
qa7apqjzsjhcdpmh;
vgaj75i5sgzyc3bc;
5impf36ke4icbif3;
paranoid2ezdphvm;
gewaltics7teim6i;
applesavbbloawcm;
x4torrentjjjjuxy;
xqxf2ggcud2kntck;
yo4jmu6dsfaeekt3;
2dzmdacevbadfjvu;
swimpool5o2cfhjk;
mewmewmtgq7jda2i;
bqi4yyxcu5rzxv3x;
fyxifz6xwx3d67a2;
coinpaymtstgtibr;
s6fn2nxxwqkati4c;
33f2yaxsfp3356is;
tuf6hk2j5uhzzhjs;
l5fdshtms2yn7hsp;
nissehqau52b5kuo;
bluemoon4vpzulpv;
jixxk2c32nrvhurn;
maghrebwzbkucctg;
a3lpa4splyxeaqxe;
ocv7uecnlu45ct2k;
hxblogxmo5wrw4oe;
rkphrici4u5ffhhm;
sbr6rawu5f7ibz42;
53nr2wn3ig7fr5ij;
qzz2cvotstk357oj;
doxbin5vadxhatzg;
4hk4hz35gmpa6fih;
wlqemeooh2epuo2d;
ltxocqhw4eruf5lu;
ozawuyxtechnopol;
2mbgphmywmk25rri;
exwljei3bfvchv6p;
plasticmrjhmyrxt;
sqhkes6zbfxsxpqm;
ynr7muu3263jikep;
devosic3wqx3zfby;
fo3elq3zvk3e5l52;
mppegdk6kmrr53p7;
sixteenhbsws3sr7;
7civh5rst6uhzhlh;
pyro5l7wciwhv2sa;
n5aagcqahdz3sf5a;
4njsr2dh27lo4ild;
u2iusbwmsd7jrucq;
palantirbhqyufyu;
cr3riyt7h26m65qh;
urj4lxvqty5x4eyf;
cdyimmwzdv33cpnl;
porngwjr2flqjgfq;
sexypicstj6tb7gn;
3dboysn3o5d7dk3i;
22222222663t663g;
5dedh6recy3hrx33;
grams535uvo5qcql;
ppccaaix7jtxnl2w;
telavivguw3ey5wh;
lmcuo5wexir5et74;
3smoooajg7qqac2y;
2sqi5vmddyuzq67n;
rusbgkimhmutkuag;
th2yjjp5cmsoxmmb;
ccghmfd2x74s7i22;
bitmixecjf5ofbbj;
giyvshdnojeivkom;
flibustahezeous3;
vikingidvqwqvhaa;
soxxejkhrbfustts;
aim7jnedzsbo7xar;
f3gcichubmtzs7mq;
bw6q53ranhnpgml6;
pez3peoume3m3iit;
222222avkcjpcbwi;
nux3rn45vfj2yoes;
3cqhecdcck5p36gb;
highwayelgf7ki67;
udrciweihl4qe63p;
f7c37njfpuwn2v4x;
locklukwr4v4w4qj;
rocketkk5hhqzlbf;
sloryvugp4abxnfu;
cleancondgqja34b;
jsv7equgogpukghe;
icxe4yp32mq6gm6n;
5jp7xtmox6jyoqd5;
ruspedozvvlpdacl;
girljoi3lyeowsxs;
ler5arir5rsq5vcn;
u3ghkwxzofgid3vx;
7ep7ac3nsah3fc6l;
cheettyiapsyciew;
loupsycedyglgamf;
vb75uj2ap3hyyava;
5uainfj3jaiys3tk;
cilkqciq2mx5b634;
qhd6aon2fyjjan4e;
pfoxkj3p65uyc5pe;
aswvjhcvcqvbk2l5;
qdigse2yzvuglcix;
sqi4kzkxp2v7byoo;
china2ltxuwdntrl;
gl75awtvsmp2ofe6;
wallettof7cfadq6;
cccfaqfv4vudb3tx;
64f7tpht2ttqyhhj;
4i2buejx36fvfsjm;
hdbdah3uhq7ezlnt;
theches3nacocgsc;
la5futldp7xjrpc4;
jpfoxfrtbirzzugb;
crypty22ijtotell;
wqlc3ny6wcbxy2r7;
esmmb7ukgz45a63v;
etrrdbuorwng2hkw;
lm4raazrxb4xx73o;
w6csjytbrl273che;
2jbr5vg7o46b4iid;
dsze3z6qpdmyfi6t;
vfvfq64rtrefmdtd;
ccpalsto5gglun22;
u7duee44hwu5lf7r;
pwoah2fbhzyivxib;
xmarket334dtd4la;
b34xhb2kjf3nbuyk;
jqs44zhtxl2uo6gk;
biwvi4oeyo4fflzr;
cameltoex3copzx6;
onnjtpw627li4hg5;
2if22lq4wgdsep4e;
5mipfjcibucvp77t;
nixmoneyr4osbyds;
lqdnwwwmaouokzmg;
nzh3t2xh2nyqgmgt;
easyonionsantyma;
wivfwn64tm3uaeig;
labcookj4v5ay4vz;
z2hjm7uhwisw5jm5;
cig7hq7ebwfvusqj;
deeplandjginhzld;
coolnameokrzolnd;
officegixglfqrzr;
theboxmmvl6zg3wi;
pf4xd7v7icivvgib;
hidepyx5doacg34x;
fb4zgbsny5frwwzy;
mkzx2kkl5v7subvx;
rsrzpcnk2nhedf46;
4yjes6z4ucm66vn5;
ea5faa5po25cf7fb;
dreamgdnbat2g7fu;
zcrxjlhuxpjrxsh2;
rakmym7uclm4aqas;
gpostalfauulvzhs;
x6yrg7vxtofezblq;
chatjbbxxotrumic;1
o4ql2kzcrurthqaa;
ufl7ew5wsb3ord7h;
fmivsuu2vmubsdhx;
fishy6x2tgj5t4fl;
2j6ye677oebe37id;
y2kv3eztz42da2c3;
on7yzlmzsxwbzdf4;
g5oe45otuf65yzf6;
fakeidscpc4zz6c4;
lwygejoa6fm26eef;
cosmistljwunnzgr;
6oxs5abbmzqvaa2a;
netflixxb32gnsvy;
oca6wfevdta7mhed;
peachg5g547abn5z;
fdwmarkvokb5i7wh;
vg6xusopmzu7m2ce;
urxixyk3bz6mnozu;
vivmyccb3jdb7yij;
dumpsmayvypalee7;
grnfcccembgizs6t;
wacky2yx72z7c7uc;
sholq4kbukl5mitc;
wrhsa3z4n24yw7e2;
v22g2o2smqhkji37;
grams5eeelzpt3my;
pvgbzphm622hv4bo;
spydaroo7gtsipwm;
superkuhbitj6tul;
zndclh5h5zr6fgp3;
mof2y5sz5eqfqefx;
nmftpz4fjqnbmoim;
54lnbzjo6xlr4f4j;
cmarketsiuhtiix5;
q2uftrjiuegl4ped;
matanga3jcpwwyr7;2
qy6xj7xpb5ckythn;
rabbit6k3ummqq7j;
l5oqxwdzs5m2dwro;
paypalfhnohwoy6b;
gabufscyjyqr5kj3;1
7btxlh55l2hkk4gk;
d3sumtdpzsngiijr;
3j2jxpl5mykcxub6;
5pc3igesiqc3m6z7;
nsozknawhnhwnpod;
bitescrowjfihuca;
5h42ci6sf3uu6ny7;
7foxdbidl3agaalj;
jswobkjxooe7ntiu;
ccqvltabnwq57ivi;
nas6vil3oo2bi3td;
22222222n77jskuw;
cfwl3urfcsml22hb;
4hpqiootvyeovr2o;
eqss5zckaykxqbz6;
n3dl4h6kyk3wbnzi;
mph4p4ccc7ap2fak;
choicecbtavv4cax;
4dp5s6jkxpe6fcl4;
eda2jx74zvsjmd4h;
aarfjuyfvl7kgrr3;
vijs2fmpd72nbqok;
luxembn2i2c6hlrd;
ramp3e4jevfkjvyo;
4sf3dqfwpcpdnj6g;
rwgj62oc4dx4nxzt;
uth5ilecirm4sxug;
pharma5jbbmwjoo3;
torpharmzxholobn;
bitcloahm55lt7ek;
eawjogqqxhephkgz;
njdl3afan66gdlr5;
ozon3kdtlr6gtzjn;
ecirtamno7a6cynx;
amazon4go5aiyqbt;
5xcds7yhgisfm6mu;
eeblrw5eh2is36az;
er34q2ds7jfc67q5;
nnm5gu6g2bs7nnmm;
thhazdmx2kymozql;
myu2ececidqq5zfy;
dumpsmarslfo4h5g;
hostzdcvmuqacom4;
pwi3pwf4wwi6gu7f;
genesis3lrkxao7u;
dragonso4dnzdshp;
p6jnocpfhms22dbt;
edfbn5gfuaj2bc2w;
3cvpkfx4gdnkcduj;
khldt5et3aekegpw;
hss3uro2msrrg4wq;
vpacxea7vj3dff3c;
dgoez4e5amzfyd22;
kp6yw42wb5wpsd6n;
fkhbl3lnzj5dcbw4;
pzdkzmg2ibdmywqf;
4yss77bjb7ship76;
cqxf3ijwspi6sed4;
aaaajqiyzj34rhjm;
qufannudaybnvov2;1
partyhat2y2is5v7;
sechatqpscuj2npx;
zzzzzzzzzzaghsao;
5p6s4vkwdapnsiaw;
tradeforumzkw4bk;
pay73qh2hrmj5ksm;
kznnvlhqxoisnhva;
k4jmdeccpnsfe43c;
7aiwdmr4oojlegdz;
gore226jrod4ia2c;
44ukmvcvddphurj3;
hjh6eeyodsxldofa;
dave5kdsfrp3ucgt;
vnfq4jy2hkqvh65k;
x57cqsirjuhgxwvx;
told3jfz2on4cfdf;
2jv5r7k66ralyk3g;
qwdzy2w2evhsj6bx;
vqldzpoolgporzdg;
n2te7y3lncnhod5s;
zc5nnrzfknaxbep6;
p73stlm5nhogxw4w;
qcvrhiygasiwhgnz;
njto3uretienojic;
cocain2xkqiesuqd;
ubw577imrzpcixiq;
n2xb6fz2q6pweel3;
7lvd7fa5yfbdqaii;
3jh2tkiohabjrmc2;
at25itpf2cbg3asm;
rqn5ai4rw6fhwbqx;
netflixw6hqrjfqc;
kmltuigipr23dk3g;
3ur4xm2japn56c5f;
ccsale4qgjgnt4xi;
gwzswguw425lyql6;
walletbjvdecnjgp;
mutahopwdpm4n6yy;
65y3g34c4zk3xkh2;
torprowdd64ytmyk;
sixteen7iuqazme7;
zsolxunfmbfuq7wf;
jymkf7sx7cldgsbl;
i3ezlvkoi7fwyood;
pchbgjjjhvhqyjko;
ubsjg6e5ub3zh6m2;
xhb3njtr7tcj7sqy;
tcwoifl3hwliq4i3;
shops3jcerggkcwd;
chighlifemtwsfab;
kbe57q3ojnwqaqgx;
mystats2cjxjiu7w;
oofvttk46u5gletu;
4dmavioww6random;
rougmnvswfsmd4dq;
pwoah526wtrm7yh7;
fkut2p37apcg6l7f;
sqzlgnxfctcfi25q;
wfcpstjrkcqtt4zc;
equarpfqhbyooihr;
x26vj5diaxxfidhs;
bestescrfn274dvb;
eolowe7qae5qmbmt;
jgzvkisiov642jlc;
tsk3yv6dmnil65j6;
syc2my6de3dft7mc;
hbzfev4o4cgfkimg;
scihub22266oqcxt;
konvertr6667fiat;
n7aghf7pvnf6lzbi;
ityukvsoqjgzcimm;
popcornwvnbg7jev;
vydeped4x7ztxpot;
xmarket7sw2fba6b;
verifieasmspsemk;
boc3t6wsquex7s7r;
traditio3trziwpn;
c7ooac5dc5iub6jc;
liata5l7sxeold4u;
omubolaipbpzwnfv;
steplaf3p2u4e7pg;
xcrowbitsqyzvtwf;
qnzhe7enwcgvjn67;
tgssx32xnahbto7b;
vs74c53whr5kisk2;
bmreload54caekze;
fightckxiykml2xu;
gooseone3ib2vbzr;
qy456aomitoe2jfs;
vsms3r4conszydea;
futz4b7tmqzoxnc6;
wpy6oprapurqeyfm;
7uvijlsswycvih2p;
2ljaiqrixmmzbda3;
3lpnwte7lo3tcft3;
mygungfegjns6pjo;
x3z3farbckhv6jmc;
2222222223myexge;
tn25reqz24bqqsx5;
meshsusrgthwax54;
22225hcr6kh64ka4;
tqyd6pkbp4qo2ntj;
s35ws7u7sj2g3uxm;
g2nrol7gopostals;
clkk2rppw26syjgg;
wywg65dio2lhe76z;
kvs3xgkasyoqd4hx;
3mrdrr2gas45q6hp;
ugxtcshopyk4a3vy;
4arys5b2svhhw5pv;
refugeegwsl23t5z;
cjgxp5lockl6aoyg;
tz4732fxpkehod36;
zhtmkxfe7liw3adu;
2fogbrtueljfoljv;
nkz7zanwznuhkjrc;
5tgfndrsdinqdfwf;
ry42uqfpdguvami6;
72kkhupynpkdgevn;
evilchns3vrkadeo;
pgdnvi6nf26gbzgf;
tmfeedozvp6v65nf;
vzgmoxthzwgan4h7;
ramp5bb7v2abm34a;
zwnvycqmjlvjiwb7;
wiki76brzrrz232m;
statshr7sjwdw4yi;
kkkkkkkkkk63ava6;
gothameiopzdixjg;
uuecxqc4mtzd7ysv;
ondemand5xot4hdw;
sociala2zz7ys2ji;
pnxauh22krzb5xso;
d35wbdpsenouj7n2;
mda3nxsigriahnxq;
guruioemxtp2fybq;
twiwf3genv7jbd3q;
iw4xcachep26muba;
cryptorz76e7vuik;
hbetshipq5yhhrsd;
5kqjxgwzrbvgrdnd;
ukpasspprmwaqrsd;
grams2yben7warca;
2ha5prrlkdzawe3c;
tewqkyqw7s4vouw2;
cmoqohtgyilgec7y;
counterfxhjvtrlw;
23bteufi2kcqza2l;
anjosp2t7yv47qvc;
ytkumj6u4q5w2vsg;
xsold3pvbxt4xblv;
counterfn2x4wqga;
rmvuiayb5lclyis4;
3jkidlnynuqaz6mi;
hackedbtck7gzh7o;
5ynkx7tsomdmpbbr;
bitcoin3gnwosjgf;
jzcqrndhghzdu6wz;
pwoah7fr2fnibbrz;
xqakpr3gyhjsn3pr;
clivl6rf3vft7ihw;
k5rooysqhscw6cuu;
ohmva4gbywokzqso;
3qr42dbkhrjp55kg;
yxecp2632dx7yxj4;
pblxxav75n7hxcb3;
i7nc6yrshrepr4kn;
sdata7sidixxhxpb;
dream5hx46ohzics;
ojgnw7wt6ozfzeeh;
rutorzzmfflzllk5;
dcdoialeklnkb6fg;
vqf6oryrrsijhmrd;
ccpalym5nu3elh5y;
4zpinp6gdkjfplhk;
cvendorj6vnr3thv;
nnksciarbrfsg3ud;
heztyjedasrg52u5;
askt4maf7m4buo3j;
dembtxt2izv4tnpb;
irc2p5zrbdk25rdy;
hybedxst6ulae4oh;
protonirockerxow;
52g5y5karruvc7bz;
alzrgrdvxct6c63z;
kxojy6ygju4h6lwn;1
laundryzlzgnni4n;
flugsvamp72rajmk;
xxxfpi5bslnjdakw;
g7fve523jjaogsh5;
lchudifyq5qop3jj;
owzsdunpvn4eenyf;
fde5ouch3clzfyns;
vqgb4azdycidqowr;
jqiho7je6xty4ne4;
networks3q34kfkg;
eacwcqv4cgnln3ur;
wygosgr2svbh3jqu;
qdackatwmkcmpbfp;
7hk64iz2vn2ewi7h;
sgcynikoihu3htwi;
sxunluwmcuhs4van;
daemon4jidu2oig6;
vyrxto4jsgoxvilf;
zjlzbo7y6nd2xbuz;
knihyj65ztqcu6pu;
6ib35o7vd3ia7zzd;
b7cxf4dkdsko6ah2;
contfeitahz52l3q;
ppasset42kropoy6;
eivd4nanrtr2qkk6;
i24twyzsl6pqeicg;
usjudzhwh2zaxmzu;
djypjjvw532evfw3;
hackpdatf4kryh54;
safewzrqqmf4lv6o;
62gs2n5ydnyffzfy;
anatis6vfrx6nh75;
lpbiqdl2ix3547mg;
sasmbqgfqt2hok5n;
ppstttb6wezrcldg;
ewaatttmeo66jxww;
wtd7h6upnyosqubt;
b56a4bfdl5zs3wjv;
klru2gru6uj4acqz;
mtcngenbbypcakoh;
expressobutiolem;1
armoryx7kvdq3jds;
ccgurujnwe55avst;
rj64xya4xcnxh4zj;
zqktlwi4mmpxk4iy;
5sn2hxofsu6b55lo;
foggedd3mc4dr2o2;
2qlvvvnhqyda2ahd;
fwb2cosocslxnvtg;
rqwc2pyhxuxll6br;
kgcfwmjmft5nfklq;
g5euuxsqph5u4uvm;
gc4youuhrzbp5rlm;
voozaqizei2dborx;
diamondc57oxdcpi;
etnkdf2jsvc7vi4u;
mywuwj5f76usg7eo;
onionname3jpufot;
o24c5a3y6uhfdp6g;
opf7wkoyf73dh3nk;
nkna77c37nculpeh;
foggedqmxlsnanit;
37mgehffdti74zjy;
7kuslhhtlooylgu4;
ddrjq3i6ofhv7643;
zdfsyv3rubuhpql3;
j5a3vvmt6lfjo5s7;
ramp4qd6hebw3rjr;
ddtjmpnfbcoirqg7;
cy4by2cuchch5gn4;
torbox3gurtwq5tz;
deagles4ioy2rvkj;
ztjn5gcdsqeqzmw4;
maadojqj4rqgikx5;
brightqzfz5svaah;
3z3aemj4a2xmxg3t;
xaz4vlny7ynd3lfp;
grams74acxgzuhof;
zucj3lagcb4w6yap;
potatooezyf2aql6;
fofyxm5ifo5l6ttx;
uhwiki36pbooodfj;
fwgsukzxsbu2k6mh;
yghatclwyojr7qq2;
e4gsrcysdyxlzjur;
nisxa3tzqu4abmpu;
tnmarkyzsx7xfbdg;
jkfcubzue3sjqzwk;
zxungms47m6ecj7t;
greenroomtewvwvn;
2222222sla73mepl;
r3e4bo43sylmzejw;
eucannapggbtppdd;
xt3kjs2pyp65dhri;
33be4hwfxkqauevb;
mrrobot3nsjfu2zf;
575wqy3pdg45pywf;
dreamiipoxuxonn6;
eg63fcmp7l7t4vzj;
tcqe3dubr6oeq23n;
xmmvzaecdwq3wqln;
grams5g6z6gv7b7d;
bprfw6gac5tdjymm;
qj3m7wxqk4pfqwob;
bo4lbe6xavxbntrv;
xuqkpn4j24y6jk6f;
retorme3jb3kw4hs;
cfactoryxecooa6l;
cosmista6thgibvv;
galaxytlv3r5xkbt;
ttnkd47gkavn64yz;
lookz3wwyeucccba;
znig4bc5rlwyj4mz;
57f23hcybjqj4ime;
6onu2qrrdqo4cubp;
grrmailb3fxpjbwm;
brssn5smpuaun64v;
tfsippli7jdpgt6a;
pryatma63cdoscd6;
libraryxobbrbj33;
xpxnms4lvfrptwc6;
zhtroxnqdu7meqvc;
xcoins56iszumbwa;
zedelc26vlmqtlcw;
childsplayboq3sq;
oa5mvvk4idcxh5wo;
anthilledowsdpbr;
gk2jxfwl7omn6v6w;
mjt54q6pagohhimn;
idxnznd26gjzp4vf;
dreamkilbovk3nc6;
pornpetscauod443;
l54bfi3enikigpbc;
prduct52yhuu6c3f;
espqfcqm3ep4qdwj;
kurrmpfx6kgmsopm;
ak2uqfavwgmjrvtu;
getbase52kibye6l;
6jbb5gtzhojngoqr;
zaebokkun336dmmd;
twittorxsun563wg;1
4npgivcm6opyytjg;
jvo5x4h3zdr2zwe2;
staffupgqvol754y;
ogw5g3gkdksftnwg;
vtle6jettgqyp7o3;
tapvy26gxwepjkp6;
oou556rx525rsmjm;
ji3yb2tncy6naj7b;
girxsmvumbjg3hus;
gogvgwxzlxjre2sm;
46ztm2ype6uaopce;
cze2agbxnpkc5hdk;
ttkxqoleifeiurv6;
jquakwlt7um5mdk5;
sandraccybpuex5m;
pt2iydrrm6jco65i;
wormholekmmm7dy7;
gvexpfyaw762utyn;
rxshoprudc3u2zy2;
amazonx6kqmek453;
zce4p7bavtstnwzt;
lolitayx46e76fsa;
nqkickoaktyyhfly;
ofqixpcxwjq5au7h;
swnwd5bhvjk4dd5o;
nxmsum76qu7zpswk;
shield4leyuh4yl2;
p4gcaja32uq4zivi;
ijeeynrc6x2uy5ob;
refugeepmthkt5wn;
bl2uafhsjrtc2gf4;
diaspbclj4sgc2fy;
darkherostoagukq;
h4ca2an267okpa5m;
abwzfrbtnhjm6khx;
modernbombayjhf3;
lightqcszalqpquo;
exoduockgfq3ikf7;
v5sj7wayota6ikot;
6f6ejaiiixypfqaf;
2wir2p7ibeu72jk3;
yyc3giav3hudtthb;
ossintelp655grml;
awoooowoomkccwbs;
ccjf6544uagdovyc;
n572ltkg4nld3bsz;
media7hsv7rkdwnh;
qtrudrukmurps7tc;
otwg5iksgofdshpy;
gzxmaxe23eaj6rao;
atlantispvza4ylp;1
q5itwu6jdfxs2ha2;
fw7bgpv6ya6bwg3u;
p4bkdy26pbsxhsft;
45k4h4kei56wiozx;
q3t4hgiygvttzh3g;
gjobqjj7wyczbqie;
h7f7vughob3isp4d;
vd6q2roxxjrly7nj;
ejff4qtnzhfwyahc;
djkiri5jiruhxv7u;
onjjabp3oubn7mdp;
vj5pbopejlhcbz4n;
6gahqcefot3iaur4;
oldmagz3qkeqh2jb;1
22222222clisfy23;
wlchatb45vespadf;
xcomics5vvoiary2;
3urq54dw4q4w7ym5;
kph3onblkthy4z37;
x33sr32cqmtibdvk;
cs7hm5j2734cqr6b;
grannytnglrvaaf7;
gccveylao63atwzy;
qkjscem7kksghlux;
7oottwclcrbxwam3;
gs7otxifba2ed2yg;
22222zj6e7rphqq7;
dumpstreedhgfndk;
ik3dw5whel25zxnj;
v7opa5w6rlctoec7;
ybcsqu23dl4zd3r5;
countuwelx4r7qi5;
khs5h6znb3xqnr2d;
zbd6x4la77su6z25;
phot2ue43zcybupk;
veiztc7um4piet34;
fncuwbiisyh6ak3i;1
jstash5cxe6ixxb2;
vkcvafzndqssm4og;
wtlpzaexwuhm2kcv;
ougu5suvv7sekt7w;
fr33tuxnvcaptbam;
kwlxvnmxiu2vfvcy;
cocaineo5z66elwy;
msydqstjd6vtexpg;
grams7yngnpr5rzf;
torhost3p7quiikq;
7zzohostingx4mes;
jabberthelv5p7qv;
satforumtmmmniae;
tor26itgpdacug4u;
py7dv5yovdeyx6qk;
darkw4u3xkeb5pzn;
managerw4wjhakby;
victoryhrjhnrp3j;
yjrb5bvdgbrs2rhi;
upv3wvf6sikfiluy;
tknijuhhdg4476vl;
7lzqgaso4n75xcu6;
cashis7ra6cy5vye;
darklawz22nmqdpu;
xidp5a5k3rlxr5r3;
ckzbmudulyeizwxc;
mjof2bfjbfrucsou;
tordirhwtq6p7qcq;
2ygdvjtirev3gw2z;
outlaw3on72jiwaf;
awtdxp5dsh7cy5zt;
73aiozxu75vfrkl5;
qw32r3tfhhtpcmen;
xstftgk5c3hnf2s6;
67g7jo2sxvkqej2w;
sclhvgkeqlvuv3b4;
mgbyopkmzhiq4ftx;
csxtih62vmohxptm;
2mpsasnbq5lwi37r;
eucokelctnifqjrt;
rapecht67jidpzoo;
intelexi7yo7mj7j;
g7ielqfyazy3n6nt;
buddhamnqzv2eqi2;
hdjd6wv7hjngjhkb;
dagtsgoob3swe52h;
hostie65cxwr4tza;
fs5j4t4fjb26v732;
6oigxuhflvz73jy6;
vendogsxo324bpnz;
cripticavraowaqb;
2arj33oil5dbrpyu;
f7iebhfo4xdi53qp;
kabxvjhao5ikmldy;
jm5hnthmqv5h44gg;
ejcenxioqi3lqy6k;
relicd7edydsci7u;
j5agwrsu7ftox5xf;
xmppspamc54buwix;
omniildracozuuge;
g24stauh3c3fkk4j;
yin7gxpet5c3bhes;
kjzhohqqslrw4bep;
dwnatg4ijethv7zj;
yzefitptbz6x3o6u;
logisticsllk4iso;
bbbwtk3u356kadk7;
k2v7eyv6uesyu3vy;
zw3crggqm52h72jl;
btc4u2dpqfqqfdpq;
22222222bxxurr35;
5jmlvxm6exwnn5dl;
nnmclub5toro7u65;
mollyworh4524fop;
serialyheptjyrf5;
premier7pxuw4tcn;
okvriyrtxopy2kfo;
mafiamkakdz7wlqz;
saufca42reinzasa;
7j3ncmar4jm2r3e7;
bettorzztykidrx2;
xat3cp6xrczitztq;
bplvehjiv562wlju;
gl5rpbirjfpzg6kc;
mhtka2aq7nbib54f;
vtzg6pblb45jsyme;
parckwartvo7fskp;
imhhge4lijqv7jzf;
f2qrazeddramv3za;
wnd3lofg4awtamsj;
hackerrljqhmq6jb;
cixbl5q37nhty6kv;
qzbkwswfv5k2oj5d;
guttenbdoe4mzk6k;
mystorea4mbkgt76;
22222222266i2kbs;
binbasheruftlspm;
cvskh2gj37qmvwd6;
mkmorjw66ic7myg2;
ex4gh7cig5ssn2xm;
7lbc3gjafuckgwif;
fovclovtex32cdwh;
jwuolm4mmcf6snio;
rjzdqt4z3z3xo73h;
22222222up27ghl7;
6zjktg7i2qdld3xi;
t3tzzluk6it7y3yh;
peepicsjswxrkhuc;
gurochanocizhuhg;
32qms7q5widd7wke;
36vfxxwg24sk2pj7;
dbwuevvmqlhzz2p6;
bestsho4s3mrqusz;
ppdz5djzpo3w5k2z;
gnygk4dkho4k3pgh;
i6glcgz4bwqwarhb;
trchtenrf4ihktew;
amsetsiqph677wkm;
hokioisec7agisc4;
sjy6xzkzitbj2lvt;
25wp5luwovha6j4v;
l6quosmt2ffwphvf;
cvosssyjagyzsb4d;
s7a4rvc6425y72d2;
tngjm3owsslo3wgo;
3zqe32tqynf26inl;
anm3gk3edwcr4v2h;
b5joh33ibe2ojwfd;
kenia64rbaqqkclo;
4mxperkbp7q7dlbj;
ac6kzts6mauq2gfs;
pdatad56y3a25o56;
hack2zddrgbtk5hp;
3zop6bkkb46vqpjz;
vhrvlnm66tviccoz;
fbyr455vwvkpzp5k;
marianavr3tjsyn3;
rxshopemdjdycgs2;
fqhlpaqozdevngde;
lolikaastbgo5dtk;
darkcrej6njrcbgw;
6khq4bgn5a5g7kzi;
5lzcjq6u64lngdff;
a7fbqyhnab7xm7lp;
kyxvlimbvpgpjzbv;
yermrrzeg4fusqx5;
d66qy67wbml2pz3d;
32rfckwhoqfvjdla;
scamsutlniin3tb5;
pinkie2rpamyfuyn;
po47k4agopleagki;
funwito6ykzrupsj;
apbgtrpiogwbf3ke;
thebeast6pwekhvs;
psii2pdloxelodts;
pcrkhk7uwf5gbqup;
satforumnoo6sxgk;
bo7uextohjpuqvrh;
piemuntxxvlk6hpk;
zptza3nscq7geppw;
vqmlfosjiioxpmnq;
cfcyzgnmdtq34ynm;
glowlandpvb6q2tl;
n46o4uxsej2icp5l;
girlr7i4ptur3lpw;
bc5ejni3c72ygysv;
drugss5mif4vrbws;
pistolcqex2ecr5r;
25cs4amrpyrtlheb;
c4talogjqli5std4;
blackhau4shlmdvg;
bitcoinrmnuijyli;
secure4qtapgbhvq;
rcj6gysi5s3brcvq;
7ak32hdpibkyrir3;
6hgchounjuuwxewa;
4ecwfvbvxojjequ4;
dvdc53evovcjwrda;
vral2uljb3ndhhxr;
bitmixegkuerln7q;
tr56eje26k7go6dc;
yipeptidsl75eri7;
abraxa4n3q5dnosi;
2ntb3ymswks4xyvx;
r4swz6st7cas6jmn;
xmpporez5r3jzw7s;
yf5zmmgn55bkob54;
qwcsygsvu3nljroo;
a36tkof7hujso6zv;
rampshop7dhd6xzi;
u2b6igyoy4p2uqww;
eternalu56iiek2j;
liu4cw4aas5csvpn;
2u7kil26qazmrmb6;
ntdcvkgv3kzrzdxp;
xxvxqnbatbidn4tq;
kitty7xresuvveew;
haplabreglas7ge4;1
d7nvgmj7zzbxelt7;
wby3ipwwfe3wtxtv;
loveacg345fbzd47;
b6v76oia6koavx53;
zxh6oj6jc4olwebf;
pxjxqrjwelasl2v2;
3pxbaujkbpakemzo;
sadmand4navkfsln;
f6syxyjdgzbeacry;
ofjodvyfwrlfakpg;
gbookiisl7fvdds7;
sqrtitftnluaj6iu;
ugw3zjsayleoamaz;
netcrimet6tahacg;
xvxjy3bqy6k7j26j;
szaw5apgkdw2ngdn;
yy4jga5rhw2qupdk;
egxwaxpblag22ejo;
gl3n4wtekbfaubye;
btcmixhnpqlpfacx;
slleaksdmifihsb4;
mafiauu2majksrt2;
pumpcoinlaissas5;
jngh5ui6uksk4das;
bznjtqphs2lp4xdd;
yjtnvcnm4qn3qfwn;
anthill2lyt77rpz;
m7reboyr77mgb6y3;
zprx6r7c667ku25n;
s2bweojt5vg52e5i;
ltqy2oonz7iwu7u7;
cryjabkbdljzohnp;
ilike77nuoh3ummf;
qpvvuzgcfmjaigms;
grams2wswzwhlpaa;
writeas7pm7rcdqg;
smspriv6fynj23u6;
qqvyib4j3fz66nuc;
vid2x7jyypqblcc4;
vturtipc7vmz6xjy;
chanceaxm2eaygkx;
btcxlo2wi6nu3gym;
swbsanudjczr2iup;
ythg247lqkx2gpgx;
fraudto4jwpbkvhk;
5x63lhaz2z5nhno2;
achzkqvsdq5vspx5;
deadgitgd5etelgn;
2hokwkztftit66ou;
omertavzkmsn6tp6;
derpmailod2b4axq;
y7fb7p44dje3yici;
wys2haakc5a264ti;
dcn2cldj3bgtmaci;
43qzvceo6ondd6wt;
buybtcstbl2d3igz;
grams7enekj3fhxz;
vxrwsocrkbedkbud;
hb6u73am2ym4hdr7;
qyi7cvzf37uplsof;
4xiz3doafaqvbxjh;
vwqofuoiuxl6sp7q;
zsstudsm6eu5wsqq;
4ge3uua3uaxuhhaq;
paycardmbg4c4rqo;
ge6gijixq6inixgh;
hbetrepxxnmguqox;
midcity7ccxtrzhn;
p5ckdxdgdrcys5vg;
2fuuch6l5n6nrrjo;
a7og6p4lfv7x37ra;
32kl2rwsjvqjeui7;
xoi7qasv6mixypql;
lu6oqe5ovmukachv;
tchivvcocg53w35f;
tqdh2gq3risdt2l2;
tc662rk3wmamw4lg;
me6juzsbhkt5244k;
torlinkba44casne;
wmjgokjglea3vt2u;
moiq2zm4zuwlm2ae;
kav3udmxn34tke34;
4ryfdx77ogf4xi4y;
oxicsiwet42jw4h4;
klmtzk5epmfkkaxr;
se4y7yjswxdyqy6s;
e2ymwjy6mzy4hx3t;
3umh5cxiy4c4356a;
ffzbinxnscrzse2u;
kdtvsdxhfc2lwfzg;
cqbexnyrbfllryae;
3ukrbkcmcecurruj;
o27tzesdxmoxybj3;
directd3lnbnp6mc;
netflixczh23aicf;
k6wgrhwuxigyjpb4;
ehqp3fhcze642gwz;
anthill4qbbdm2r5;
jwj3ib4avptsvq6i;
gogsys33repvmfz5;
qqvbgcu6kohbkxbs;
squirrelzarhffxz;
kzrmdvrrs7yojspd;
2w4vztkyogod4qub;
fiextazvoirx4dzd;
drugs4youpsxzpp2;
bvhfrslkkdbncdhv;
yvydrnle43yqgqvu;
azsdjxck6kqdm7oz;
bhax6wneaan2jiij;
6l5qaelnyolwqdyq;
utvjqkyc4ejhzkwu;
m3sxx3nouoilbpkc;
grams24zj56hedgt;
4wefnv7gkclkr26b;
fdzxh3nvwgelo5mj;
cln62wylhyoyz4yr;
enmufcqu5x7bbp3f;
jusfileobjorolmq;
nichank62kpkrxvg;
cherryemwdlsanry;
zktdmmefjjlk7s73;
enotegggr635n4lw;
hmrbvzldfgr3whhx;
s74kepaw5tnkzj5j;
rocksolidchc73gb;
jjo3ugrqubdzhc4u;
56wogxohdfbnccig;
n4bo6lwplu7y3vht;
xrsweuattx5iqaat;
fwqbysnh2vqi7sgi;
qpneidkvykel4jac;
dcbezdblflyb74xz;
i5tbhsq567bemcgp;
coinrx6j4gqspquq;
bdf2wcxujkg6qqff;
tjfh4luvbpqk3e6t;1
222222chifbusg6m;
lockluk3ihwblma4;
torbet777o4era3q;
ns3oi5mmpkkelsyl;
tutorneunixbasq6;
texas7uzi6qma5ep;
bp5rnq4n4yfwuzza;
cyjabr4pfzupo7pg;
zdasgqu3geo7i7yj;
ivmxdh4d2iaczgiv;
7efcfqiivl7fbfwm;
infsell5ctvt6taf;
sntfgwfami5fdbn5;
v4m5hftok4ucs3zv;
lpxwigemtoawwioh;
zfapdath3rlyipie;
snvb5ffurikzeiod;
nmki4534a4sdtndk;
auw6fzx756f6gqcd;
rhe4faeuhjs4ldc5;
deea7qgsxnqlgxkg;
bgyar6b644c33joc;
i2ys735iutpoa4a3;
5l2fikyudbqg2pse;
dpaqjri6tinnqleh;
m2o7hedcvxgmpmx6;
xzdbmhjtdzpqdmll;
ylqbxiu3dhze6z5x;
q6ep6djhoqva7ub4;
qimwsp2uorxwon7i;
nracund2vx6lxzck;
memewnkvkwru7mzc;
fkqzszmqtuskqtb6;
jfsen2kiy4feo6g7;
acropolhwczbgbkh;
np6zfvsfncn6vivz;
4r23alxe7mwyqa4s;
rtnn6i5mhihnrae3;
oy4egyrunwuloiw7;
eohdzt7v4dly7ijk;
bigsexzwankdb27a;
grams2lbrzxf5hqm;
luggsqxihfzqjnwm;
deadpoolg2xookkb;
3xdidabnhxy2onf5;
toy355pyaq3jmxla;
muflax65ngodyewp;
2zh4ux656ink73qq;
yamaki5gtixztpor;
3xdvknchriugpjjh;
3xgol277ivwetdgt;
redroom6w3h6mjyx;
7qjvc3vlvzqv4frk;
klgpco2v6jzpca4z;
escrowq5tus5jpgw;
ou3ef7wgvt3gqmpc;
angristanktnrp6x;
btcx7ktic5oxxodu;
tmskhzafkndqaqyx;
vgqisyuzmsa7cenq;
25xcyznj3pny7mzz;
cyphdbyhiddenbhs;
ipadairzbbpb6gas;
l5xfcajuztiaumy7;
5474gk24ufeduijo;
khldt5etjjem7gyp;
eprlyo7dy4ipsemg;
5dgg7y5viysvvrxf;
p56soo2ibjkx23xo;
7o6b4iollcosdn4s;
wrcodabbtxff7ap5;
m5pvwutw6mafa2wt;
flugforum5puztp6;
pm27hwohotchhn5o;
hbmfs2c3muh76zvq;
hijabhawzxipgzfp;
zsn5qtrgfpu4tmpg;
alienxfjeu3jzyfl;
rsprjqyxhf25l3qd;
dhvdlou4ffvjhotn;
iww2iqhwxmnbh4qs;
mrreph6wof6xgt43;
fuckmev5vcaoj6mr;
3h7vwmdail76zfzk;
3bhjx3gg6zqwlcq5;
fzerooofqztxdkyy;
dmru36nvfgtywx47;
karc46pirv2g2lst;
unearthjtc464zh4;
trolololomotsyhx;
fnfzjhegf4glg7mb;
trackeryknvofs3m;
btcrow3xdlojwg73;
xgqffegbegpo3cjm;
s5bxzvt4vwuc5nn6;
ukjlovmbuw25gddi;
omega4jnlwm4yjza;
rcqihhx36zfdy7jt;
pushingtabu7itqj;
rbmtm2h4a2n5su2f;
r44debe5ynev2udn;
bcwpy5wca456u7tz;
swemedsgw7d5ueiw;1
fdpkb7y5iyk4o7uh;
findcardemjnty5w;
wikiszmkgazgmvvt;
haxedcwi5duu363s;
lxs6vb2hap5gf2tx;
kvexpnd4yuejicjv;
sy4mgj343ywu5hch;
vwakviie2ienjx6t;
flugsvampkgwqwao;
uu3v5rmzasvrsb2g;
p4fsi4ockecnea7l;
btctic74pykkotsy;
o32qlhlfxbtthszt;
2wsnwjh6cnaaatjr;
fdp3ombsobj2uw4w;
22l22fplmj5cqpbp;
fqnqc7zix2wblwex;
safedice2ge73n2g;
sectum3d7a5n5sem;
36jyqnakioapthhf;
2x4tmsirlqvqmwdz;
52zaoa5fyvmvhrn7;
uhiwoomhaddtjnse;
olkqmczlefzknh2u;
jpre3ta3x2csggd4;
2niayzxfgjomtv5p;
coindrk42so2x5fe;
drugsqfazpkaitwq;
bu3gtdlpunuvbjl5;
lpol4nsydodbvxfg;
vabu56j2ep2rwv3b;
bpj5svci6wqcreiz;
empereor7ppoy5nn;
pwoahxsi4pvaebev;
lnzeflhvr46vvc76;
5h5ps743nnqsjq4l;
pe3xo5xj4gnvmjnh;
caoyssow3cv3xhsi;
l3jlhvz44jqeyj7l;
iqyyzgb6t3bvc6vx;
dmq3fzdtkrjslue4;
ds7zipymwmjk4t2s;
lysb5xuupmwmuc7y;
files2qmorgetq5f;
zs74ppnht6akjsue;
vubymrnyzovh7tcq;
h6wqmxzdbeffzddf;
dqj2vwtlczowljqe;
7pd3i34noxnxolha;
cocainey5gitx2eu;
3pq7hs3cxj7xzuqn;
aunhsdfqcp37ujpc;
fxr7xiln7hfj4ofw;
dgga6nkttx6babje;
comsearchl2zlnre;
2222222phynuek6r;
4wgyje4xhbqqskan;
matrix4ozv2gicar;
dp3unodn55ho4uin;
gnupg4na2oymu5ls;
m4hzynbjgypfdqnq;
drugshowdhdy2n6c;
zpnzkyrgzdfdzwh3;
dizoimd4e57n4ljj;
fnpp3amhrclkaqip;
hgowugmgkiv2wxs5;
tfwh3y7tdfzljmat;
i2bco6umfcicofor;
rkiwucqgcyv422so;
anthillrixdtwsot;
problix7b7cmc4bc;
futuramaie57k5nv;
unknownfytj5zq23;
qqgwwizii22etlc5;
mxzzaiahatoiyxhb;
unp2zfg4vdpdrhgc;
ggvvwt7u6b3qaicm;
7tpbg2fjekm36q7e;
bbbirc4oqgpjbpub;
oelu3cmivycaoyqr;
mimi6qjfdporzchm;
kcik3srgrfwbwxi2;
o62qwgqtelzbgp33;
matangal7p2b6rkn;
hijabeafrzsvsyyd;
ver7ij7pqg6onion;
issssswqhrqx5cat;
gkqmy7ioqptiru5o;
2zmcyrryihrpdzka;
dltoaplz5g3p36r7;
vfpukzlx5e3w7bpv;
4checkcc5pwt6r4s;
grams2ti6dnk7h2n;
censorgprbqukggo;
domain2voocwkt6b;
dp5whclglot46k53;
fp2n5shnr6wuso4p;
pcl5dt2boqqvmpk7;
hydraruzxpnew4af;
pwoah62wgf22q7f6;
h5vit7brclpxuz7q;
cpvy3yni6iwqiavo;
propub3r6espa33w;
3wm73nwhdwaimmwc;
lkje57k3u5flc7rd;
voznp7cotkseried;
wk3ini5gexnpkwm3;
fahtomass5udezm2;
xmarket3gpgw2ftz;
oek4nfanuw4dccid;
aaaaabbbbbiabh6y;
team7n7vxuulotus;
creditlwkdnptwla;
neo73ruk6mprlmww;
k6e4p7yji2rioxbm;
eyziddrfxw4ggqyi;
do3ymnjtg7zzko7b;
lqdnpadpys4snom2;
22222277udochg2p;
kowloonqle4sb2c7;
r7hm6ggazkt6iygm;
fyqe73pativ7vdif;
f3izrndqwvulfhtj;
grams6erie25ttzw;
as2teuerq62hn6sz;
informuhqg2jvgpb;
qv3wxjx3y2if56ge;
weapon5cd6o72mny;
tqi5om65lgzpej3y;
diurxyzpax2lbn4f;
syndiccjacyrnbyv;
s5cbpbkglcq4tmve;
milkroad6zwmtbu7;
do7dt6vuskgrz3sa;
o7h3nitega2z43ir;
abyssopyps3z4xof;
vxvummvuuwaoruxx;
ldvhz2y3h6kynhto;
3rtgk3cv3u4ey2kr;
iyyuff463qvwauxy;
mju43f5rkjvghazk;
kaqkiyehzw23pnag;
koushinfmzibnzyd;
czeusi2cjuey57hf;
rdf26zywktbnpday;
43dckqf6x7gyuirq;
gxamjbno72lmaauk;
3fym7qpu7jsljat7;
f6xtnh7l6ddsfzgy;
32tdgqv22ld56cms;
nmf6cg7tiyqlhsg3;
nqeycgvzjmntmpnu;
o4dtb6wvvjo4kxuf;
bkkhcrnger25lspj;
padrrxk4lt2x4deo;
r2j4xiyckibnyd45;
e56qllgzlvdlu4p4;
mggenoj6brpkt3je;
zsjcgkysxbds65as;
psyco42coib33wfl;
hackarmgq2n2erux;
wfamomohy7kea3wx;
gklmuffcuk3xfbjr;
lzmok4fso6uomfh2;
grams4x2dzjffetp;
ruudkootx2pi5tbg;
ll6edwtpfl3zdwoi;
zuotmsnm7vh2jx77;
gallium6wkvrsvh4;
qza32xuddl3guikc;
lhktg2kxvmq7jjr6;
renthackyzogj4b4;
monsterki35deun7;
va2min2eusilguqh;
ylbs6bs5rvusm6nv;
yu4fvvwu253u3aqa;
ridotnp5m5lp22gw;
vltuapsqjyacxkbb;
market7ow7cuw2hz;
q737udch6nbvb3ao;
x2l6ko3nigu7krqy;
hxcof5674u3qxblj;
4sy6ebszykvcv2n6;
hb6y4jt4pnfb52v6;
jculj42p3ydujzri;
lubzpslfl3nnvqzn;
sghtmok4juuxdiws;
t36pqdv2ei7pmqa3;
uuesiesxa5x5rqoe;
upf45jv3bziuctml;
tpez4zz5a4civ6ew;
u7lcnyw2nzwi3gdt;
ibq6lgsnfrotyy7t;
n3ip6btaskerrbyg;
xmazvchaa3wwurbd;
deathvoglm2x2lnh;
fxigrkvvwzyk46ts;
uw2kdu43jtxssofz;
lnys2mg7fpvccnoa;
hackmeon2teb4ixo;
cq4ns4vownh2xf74;
feetlovey2o6xggy;
jqtb6tfxj72wl7dj;
owriezc726nuc3fv;
z4n2i2tmfj2agtui;
i37sol7fl5pqmkvj;
cgmcoopwhempo6a5;
npbqmtue3ilcf4aj;
ts4cwattzgsiitv7;
biblioswz3h6yamo;
git3mre26f4myq74;
sq4lecqyx4izcpkp;
m2rn5v3lqo6cg47a;
zyklonoacemp2bug;
zmovietoropzaid3;
jrx7li2ofr4vu5xv;
6kiujogtkmofnyaq;
lkpe6tr2yuk4f246;
jstz4inbyqnq3riv;
vt5hknv6sblkgf22;
njqmgruntvo5m7cl;1
snn2x7ivovcfaazn;
itorshop5fhthjil;
epjaazbg5dduqnep;
63dduge2x3xdggc6;
swufsoyrbq7anis6;
bpe2un46ny3w7t2d;
rfftlkqzjdse5jvl;
tomekpwrtpenekbs;
qyl4yfqfiatbfzxp;
cplm66mos5766o5t;
goblin2xsbqonuv5;
ngmqzzg6aesmflq5;
vbzxwyz7552ixqsw;
7w65g63fgumvpuvd;
ax52mmrlw2by5x6q;
cherinesboxss3es;
tt4qipvygdficknx;
lk77akehj7cjj2qp;
zt6bycgnjvatzzvi;
wxaga5ybn5wjcn3x;
hn5fbbc4pyz77xfa;
24qce3z4lowtzj4v;
5jlofek2ajaywwk3;
timf7jxjoflkybdd;
7pxhy63lo4pdhhh5;
z2huz7tsxluvnxoc;
omertakutdql6qjb;
sonofgod5u4eafyv;
derpy5xmjkxuybnz;
yhmlzauwv73vafoo;
yzi57csfqno6xgwb;
cwu7eglxcabwttzf;
sb77t2k7dqe66npe;
grams23btugofn5k;
tgdk7rhersyliend;
owz4sj6qk7is5omt;
abraxasjhcybfhxh;
reb7m6n3enzvynh6;
zenithcckpsokoga;
55wzwsjjocg3gcjp;
o4h5pul4zhafndd6;
ljevjaooxzt3kena;
tevyc2dds5oxutwe;
u73tcilcw2cw2by5;
secretm4kzczrect;
grams6i6xly77ife;
grams2cshnh2hmkl;
jfsen2jnhe43bqan;
mjzrsy2jrfhqbewa;
mus2phn5vritgcz4;
gtyeo3qebewvp4e6;
counterzik7umboa;
paisdld5dirkduck;
gjepux4a5hcrwczm;
xlxel2mcgvssnxs5;
4nx75t25ydmv32xr;
xyg2yb24s3owpiwj;
darkmambawopntdk;
jssestaew3e7ao3q;
f6hu4woyd6h377av;
poulsensqiv6ocq4;
pvdebi65pvgphx73;
x2btcvwtemaqaoa2;
xqdyu6eq35iitpqr;
donatornncmabtdg;
dailieskavij4w4d;
pgdvsmrokewix23c;
2v5duuedjkkt4ac6;
d5bw4nhlwcfiojtp;
malcolmfl5mxcj4o;
4kxyfardazjucssf;
7jiak6nv5dysw3cs;
zclassica3usf7ra;
wwls4z2xz6va6usq;
2fwqhlzx5dxiyggr;
rlmhcda2ttz4tdtw;
grams5nrrfeiwj3e;
desconzts5unl4wi;
modiayhse7iuvadp;
cdic2v5mnilpxwuo;
kzfzhi4nsvzx4rr3;
qkndirty6fifcrdk;
dsdla3f3r3srz5kz;
davxp63bfgazfkv7;
dgmrxopg4lwmpok4;
7sbvjtf6cnqjnlx5;
wfgtmn3anjbvyebz;
4glmgsksp7zz3bt7;
qcdbc7vspedojrr7;
rshare5e2wa4s7ls;
burnhhsk4zfmr566;
ms3pbazxs7qwb422;
bjk3o77eebkax2ud;
cjtjunfc4ykpdw5v;
kaosp6nojakjyufg;
eypg6qqgebkfbfph;
cnuwkaatm36fr7wq;
epicmarketbbhhmm;
umgd6i4p3mwyqgw6;
lujbquduhgbtweux;
greenrowxc57234v;
fantomwf4luxar7u;
gfwwcomkepkwqjfz;
btcrow4x74fsnym6;
x3dyit6wmcorjlko;
amazonfkuuy6g3ou;
pfraojp7fxtdd5ut;
5wxkaknu5wllhfhf;
idedpbaxijjosckx;
yqfbo7ghmwzotrml;
cnro2qeixctfjgjr;
nbybwh4atabu6xq3;
guo3xlz5zgplzcoy;
mixer6nyvxalc252;
64q5lin7ufe3ep6s;
n66elpaiwex3q44b;
k3dlz7wipzvolxw6;
jfsenglpxb7tfrts;
hitmanvcwgzb3ni5;
mtriete2svibkmiv;
y5ox6e54nsuudahi;
2gjauyaf7m5qaefl;
campi7y7dwwk6tue;
mj63bxguktl64rz4;
na5waivbwt32f4ih;
x7zyynzbilaskqce;
grams2kaxea3hl34;
jtm5j25w7fq5tubs;
24dkomn3fbisuxii;
wk4ywbuetz7qunmv;
upf5sgg3gwxcmcfo;
o6eo3weaafw4sazv;
dollarseraw6lxja;
6egfo4p57eibfbkf;
v6chxguvlk3fhzsk;
entropisth3ctkzd;
z7sq4lbxc2qvr3ol;
rosarim5rwww6cxz;
tc43p6yceci5gh2y;
7rkkc422cdjyurnm;
rq6o5cvms2txyv7i;
cpwkonvvh6cvfelt;
mixjuia5jwfchmnd;
vpuuc5kh34hgvskx;
dtudti7f6gzhwhky;
retardo6vlfxyzen;
ewgffcrksesctf4u;
7aouuescuwnwo22k;
lo6x4uzxr3qif2jd;
fbcdn23dssr3jqnq;
amazonhutgpb57xu;
222246ek6ewyugvf;
5deqglhxcoy3gbx6;
kduavjpclaagic25;
j3cqlidsebsywmb5;
piratecrd55vmc7k;
r5pnikednnvexvmg;
klzgcracfbgopek5;
kon64nxovezxzsoi;
wyrgx7vaq7rj4tbp;
anna4nvrvn6fgo6d;
ncpbqjoford6z26r;
plasticsq3ltusuo;
idrh6ld5t6iq367y;
tns7i5gume76bniv;
pstatpxhltgzeuwa;
anonymzn3twqpxq5;
wontfinddiq55yuk;
5tmoz5dkuedsunti;
yolwljarxelghguy;
xxdwuoiuxkyjup4b;
qappoos46myl2bwq;
ca7gwy56zrifk2xe;
eqac56hh4ppxzy27;
jvetctcsppwqf6tp;
vvuymthse6kj4vl4;
cthulhuuap7ch47k;
jpnmwdg5qgtbkb5m;
gunsammoaahtpmqs;
silphx7xaqfymxtj;
ctb2ndyexrfj7zsn;
grams4b3mhbi4lis;
fmwdvmk2ejgbl5pi;
cjrpkuxxubmq4wrf;
cfyfz6afpgfeirst;
y7tu5mx4sfi2s66c;
swegunsh343s3drf;
m3pwzf3vsichzhvh;
ahmygmocjnzstr43;
kenblog2vwew64r5;
radiocbsde2ubzud;
scwqeovp7nfqagzm;
mindcraftn5xddk4;
mucirnaewm6bumgn;
hacker4hhjvre2qj;
ydtjl5cn3smvsork;
wallet6qmtkcub2e;
2i5ki5ueae6mu74u;
vqu4mm5lcjmlqohh;
ibuo3npr3soz4uhw;
buyccoq36hlj6etg;
hby7uppsq3hukl5o;
olmtno4sqrvr3n62;
soe4janpjdzuvpiy;
lt6ychu3k6fx3apu;
dslsjffqyhv5vdx2;
2xcvidsvg3w3sjv5;
opiate2mhwjo563v;
g52possau3hapcn6;
passprtzlvejqknc;
ohusanrieoxsxlmh;
grams4kyxshngcyr;
uralsmoqjduqtehz;
pwoah5fynuxlx6ag;
anonymizer5lg2fz;
zoo6cxl4rtac3jxw;
vdmvtkitqc3grub6;
chws5ibwliag4fyc;
72ir4f6h5256op7o;
sectum2xsx4y6z66;
sqcx3njizyjwa7fp;
ba434tkccyddp2oq;
qlme5jhshlaviqqm;
timaq4ygg2iegci7;
p4nniylxhrbbl37i;
27mqp7vaas34yvpt;
cpartywvpihlabsy;
cryptsen7fo43rr6;
w7ehkkt2uuxy77bi;
f54rsbb4yyfonch5;
voynichvnqvxh5z7;
propanedfso3mr6g;
grams3na6ccebwdr;
h2am5w5ufhvdifrs;
j4qgxjtjvkdv3oa5;
au4rxdo57jdnzbtq;
cah5a4npmb2cfygl;
s7kgnncq3zbe3yza;
egk4o6vfbi2tzf3h;
pepaieloghlblocc;
2wslagll6ve77qlj;
w2f3pnluqqbk2avf;
62tjptdmvatd4mpy;
m4lzh4dtntfjr6cp;
g4r2pz2r22ztdcsm;
t7tvvkx5vc3cvj6l;
2fks7x7peopiki2p;
stonedbwv7q7blkb;
a2kcinqz2lh4qdiq;
jdobmyzmx4bh7n25;
gotchafjkmcqdz2x;
deepy6cq64spxuc3;
twbers4hmi6dx65f;
cebollaigtxumz4v;
rd7v7mhidgrulwqg;
oirxoozqrxlgqhe2;
ql5mduvendoreqxx;
kwkoaczw33pnwrzn;
abfze4omo4afbsft;
jbdjlf7dftiywzsx;
searchuqcwgkruxl;
222222222g4bgdec;
gxyvmhc55s4fss2q;
zzzcgjit65yyn4ji;
wrwx2dy7jyh32o53;
k34gy5sb7krdtgf4;
r4i3izmyccncfrsr;
amazingv7hvcay7f;
do6s2dheei3xfia4;
spp4nwc7yhpn5nhm;
acropol6ybybi2d2;1
5kiwvudv2noc4w7o;
jvauzb4sb3bwlsnc;
sxrvl46c5v4iviv7;
7dd7ygnfudbmef66;
gmi5gld3uk5ozvrv;
b2spvipsxw3rciwr;
ogqtcakvzjnq5xm4;
rrydrab7aba7hilt;
nlgrowc3xywaj2zn;
anonii32zlmbsyfy;
zpio5fhncn4jfzmw;
vab6pfjrdqzsf7ys;
f3mnl42ax3qtu3a7;
replicaf6cjadwxs;
elysiumucxuu3rs2;
darkwirevqhjfmla;
2zqnpdpslpnsqzbw;
j3xnw6gh6jjrnjbk;
wtutoxfznz45gf6c;
mv2hqju4bklz2yhx;
armu2i2o5wcjljja;
netflix7nwd4uri5;
2mk7bri2ipshbxtq;
animalirgsuecrvn;
inlq3nyho5cux52r;
lxuoqdkwxkdpqfkm;
7d5u6upbbltaztjx;
sqmqwk54twum6z2z;
bptfp7py2wclht26;
ykzbhifajdxbeabf;
npzg25inwtzdu2it;
5sm2vp55n6cxly6z;
irvuh45m6qnkpp7o;
tgirleexw34kdbx6;
dm4wty25ay7jqs55;
ze43ghupq4i44yzh;
o3shuzjrnpzf2aiq;
ijprlinuqv6u3x5i;
4cyue7ofeaonq6qk;
c7es4nycw355nx6v;
4hapmwkn633xqmqc;
dollarsfn45wiq4f;
eurocfshftwvoqw2;
3tumodulirepiweb;
loundryslz2venqx;
kwkhrsdoo7gjc75u;
agirnygw2gthk2c7;
dw7rmeivs3g7upze;
xyu4v2ltxhomapav;
qchan7wwxkhuqb4i;
dsenxis5txr4zbxe;
akaoxb4ek4hm7vau;
iwjke47bybivwh6i;
tor2cardcbdh3754;
amputefruj4rzgz5;
s3skpkbhxqxtqirn;
ulrn6sryqaifefld;
hdb2hxvsz4bjuqdu;
22222222cjqiit46;
prozacaaiyekybud;
c4br2yayzdfcfkae;
sbllrwv6utsx25cx;
pbbnzshcgemf3d5y;
rtz6kznga4anujwu;
ypbzi3ln33bcqvny;
rzbwszsgroduxebd;
2d5quh2deowe4kpd;
jeunessejaq3z5wu;
ctzzqqimlfamyhrc;
kotnikdvbq6lnbfz;
ipju2pgwck2hdftn;
lhy35yf2empduecq;
eqrvbczir5ua2emd;
muhvbkgognea4p3l;
rztwjibyq4vjgzoi;
aratuyhrfi6gx4xn;
pubdrop4dw6rk3aq;
jewmartcubukpnro;
kp6yw42wdcldag5y;
cleversfsg2ctqk4;
222222223l4p3p3k;
yspwdthzg3tnmpzn;
jq77mc73wz5wuawt;
oq2pviecmwp4smrj;
gbinixxw7gnsh5jr;
foggedli5gj36eoe;
dl3n3w7r66iqb7bv;
truth77k52rbo3ov;
7y6ajjamvqj4fyie;
lb62x7czr5sfs5ws;
n7kr26tlb545urpo;
fwx2oxihh3yi5eyu;
5jlfk5n32ntcehrk;
jzsm6raa2iw3hkue;
ocu3errhpxppmwpr;
grams7fkff3b3gdr;
elcx47xr7mfbuoqs;
ms5qd5es5qltiqsf;
w2wqyssyue7l63q2;
tpgcwptq2rxe2rye;
7jv2q5zyz4ij6yuf;
5fpp2orjc2ejd2g7;
3djgibyu5osi4na5;
44skw7aj6mho2pt6;
jr4jzn5zte7nkfcw;
67qyszbzdlzc6lym;
brasilxi6ajnjqdg;
qwmcl3jqq6bclzto;
atndzq7por7wrpag;
5iwwr7ufemlbibfq;
beu2mvfh7z5kimnv;
brrllj5hfyb3rnfv;
7p4phtqnrzrg5ju5;
ezdjuwohm4nmn6be;
nz544wppkixoqajp;
wskzxsao5i2copjd;
pirate6hzvsfpuxg;
xiqk652hk4lkdba5;
mjs2bcdrttpmm7pp;
c4dnazxhtuxzosyr;
nceo2oaefglpa5km;
j5cbzrq6nemxz3id;
vcmlfg3fgsmy2teu;
ox5qegyjnakjw7qk;
zu7j3fpcesgmjuhi;
5dyndfpqx7tfdivw;
xwxhdkagplch7z7j;
aej45satcnyk7hgd;
tipmtyk6tllunuwf;
gac5e64yd3rsdk5n;
mlkkqwzvh4ytmhdp;
akvilonom27p5hvb;
shnltmi7qxznz2uu;
3gldyjnv6lsqbbit;
37327zww2mdb76ie;
fkd2rbkdtwxld3jo;
d43ls3kkwa5viq5k;
zeldaxdc4bb64pjk;
checker5oepkabqu;
vqrqlt4t2kcmyrkb;
footjobblvivgrro;
sejnfjrq6szgca7v;
fysatvc545wppw6b;
cherniyx23pmfane;
torwebpkoepvlojp;
ax6hpsyvohbobwwe;
z5hns3zhhne7z6bl;
3eucl7djy3aiwiu3;
grams7spcbvxb3gi;
5b5yrc7j27i3jc3k;
grams7o7qrr5hscd;
xmh57jre2stpro6z;
d4jqm4tnsnffcyu7;
anf625gv57a2unas;
qd43byl2pgq5b7k3;
fhw7uw6v3kdx6bvx;
fxwyfqrcj67nxal3;
y2pnfxcpcmqlucdf;
nulltime5w3shrrc;
kplatypxb2aecznv;
wallet7efe7z2vq5;
222222fxg2ugrkag;
addiheir3z5onh2z;
izvuyiy7r5z7xguw;
dtavn4vwaaib4ebh;
wxqbvg2pcxi4p3vn;
2xscte4tkwtavfgs;
nm2vm4pjwoxlt5vh;
aflggrrt7gc6caev;
sgs4q3dzv74f723x;
printpampn737ygk;
scant2tnmpah5uao;
bf7uyzyrvj3p4t67;
iuadaq4foyzzq6gv;
s42qgnh4kesd5odo;
ransumivffbfirqq;
oc3n2ed5tz6w77om;
blogovhjgbfv2xwa;
bafvprdmntqz3la2;
e45dd44rhtcxnqxu;
lm4rarblsx5yyimd;
vzhtro6mgaftc2jq;
c6q2m57ts2crvtiz;
qigcb4g4xxbh5ho6;
laboroox6ocxmrth;
uhpjb5hawvjz462u;
ccarderwkstikdeo;
6sfndqkrvxizazpb;
qtour4gmdl5lzlva;
dg37hanprw6pvpvg;
darknetncj7k6wzk;
u2sg7pqxmmrhnzms;
fixerwex7oobu4ki;
bwlewg3lvaohbue2;
y326e4o5ojfnmovx;
kzspryu63qbjfncp;
u5uewave7nxbwxob;
xqj2tfyuj3lbninx;
bw67bvmjmwgiw4oc;
gv7k5jfhfpujre3m;
o4zilmfs3mtfzo25;
wis45idjhhbgemez;
klausurha5yqyv6r;
riybx5zz7zhsgvpc;
222222zfzfzp6b5v;
dksl2cqzfyqidloi;
vi5ydynhfco62g4v;
aka6uuhimtblhcdu;
5karyquenden4d6k;
r4ny5ywgkiuea6ke;
zbin5zvi5aziqgzj;
zdt3dmeoshh7j6kb;
gbpoundlnlrgewcc;
4do6yq4iwstidagh;
cvv2cvc2wn2fy7pu;
unenc4agrvxopukl;
safewztkcpcpf5ij;
5lrhvkzk3uwcoknz;
li4yevjwa2gupx7e;
tmc2ybfqzgkaeilm;
rd7vxbhvzsg2acpr;
dsn5f5jencut5owx;
bpbhygpupahcgzlr;
nqqhvd75fsqadwl5;
wyrn57nipsr4e5dl;
amznqken2wvujmd7;
kqyzj2leadmumnme;
oscbw3h7wrfxqi4m;
paranoidlcx3y23p;
myspacexsan7ksvq;
22222uacnky7x5jr;
zkgjxe7li5bobfvd;
swao4ix46yb2pvgy;
shpnwj5lghsl7gjr;
drkseidwayn6uc5x;
fa2z5j3wulhqxrbm;
jhrgteayoe2flf7w;
77qhxp4gaszjrzot;
r26liax2opq7knn3;
whwxanmtcntjgnwc;
aem665j5yko46o2n;
fczo4gjdvahyg72c;
55fqixg5qedzibps;
ppccaaxakfpu4rqi;
yzvbkubrphgtjaoh;
zohpr7sebrxtpbl2;
usapi6ordn7yl2nx;
ym7xk2uatneur434;
5cqzpj5d6ljxqsj7;
ylofkjjq3pueirhh;
ipnp3eyqou56243h;
drugse6fptbmjn2k;
2x6rzvgatbcev7cy;
ror35nkgtjotphhd;
nzh3fv6jc6jskki3;
mqik2n7llhkxuevy;
5pgiubjw6e2hp7ro;
lszs7jztd4aho263;
llf6yyalipib4jau;
oeikng7ha4jmto73;
fixedmtc24w6mmqy;
yhptqypn2ydcloy2;
eeb6uwmgwwgxya3l;
freexd7d5vpatoe3;
zwknk7ze3jojg7l5;
zg2riimumxezpsv7;
ic6au7wa3f6naxjq;
sirjohndtqrsfmhx;
clonedc2yqbcs7st;
smokerhv5hlklzh2;
ki2gu4jlk2ykb5q5;
weedstor3zsuwrhx;
darkheroesfmmp6n;
gbghyriq6jdi5vdl;
5lyv7skqzxddmxew;
deepchano37cqtwz;
ajj3a7gfmgwmhhoz;
rechardsp4x6tdrh;
77mz36f4ghwo2cq6;
o7s4xrmrkak5hb33;
ndo2plzaruzxk6sb;
yhjdshgaxmacrkup;
yv4i7yzpezwvu6v2;
f6zkm5saglentxwz;
conbomsbsdbislqu;
nplwxy7u4nf6bdkf;
icvvxsa4ddscvate;
ljnughwyktffhrlt;
eehpr3uab7nz5vzv;
qwzxd7r5pbrn7cqv;
padcrympj5rvgwed;
gravetdqwfxbihng;
mallgdjice7qaar6;
qbxldjyuox77fe5y;
lchudiftxqm4goe7;
z7zbg7sxhxfergpo;
jxi3baz2c7z6ky4m;
bj34sdmkveikr5bm;
escrowcxzcebcqvm;
dnjobs7e4z3zt7wa;
6rf4j27gnmfqf4jk;
gjobqjj2wuc5qecx;
factoryhnmyvn3eg;
4wqn65ss6hoeqynv;
adservb4gkkbjmdq;
b6ba5h5jkknff7nc;
h3rzfu6m7sed3ri6;
diamouwksmsuquw7;
fjql7u2zyeb4vwdk;
ramp2uh2esdm4tac;
b4d3igwmoo5355ur;
mtzl4yem6s2x6hzh;
latln6xmsn7pax3v;
hxvhiii4lgxxltvj;
fsocietyiansdaot;
5rcsq4pvr6qwvg2h;
6t3jh3e4dczzxjgi;
wovu4upzvh37ci3e;
i5rbhal2iegfqzni;
x7bwsmcore5fmx56;
easyvisafgnc4j2d;
trmavqq7pf46h4xe;
ph64ffljlvbrt64t;
agorahoo3yigtggf;
7gcz7b6xkhddgx4a;
forgeryup7iuj54p;
vortex3als3hlpwz;
globe223ezvh6bps;
goatsehvcopyc2ex;
wb5lztue723enfiu;
vqrctgjzglkg5qky;
mpq4dnmbrk5cnnmz;
dju2peblv7upfz3q;
pwv7a2stnltf6ixn;
anthill365g4egaa;
vtg3zdwwe4klpx4t;
xe6vzgwxpaygtrz4;
hmktklpgj2xrq3jy;
yzo22f4p4xhaeikc;
pinkju4c7akrnjcc;
avm2ypcvtxfxu2ib;
snwqprozuho4y6vo;
x42kpxgbkfdgbizc;
vun2ve4khzpnd7ln;
qntygqanh4i2x2ae;
agjz2pjpagqsm2cg;
w5jfqhep2jbypkek;
k2r5psouiawfu6jy;
uzpnqrulcv63t7rt;
3prjgaibgjpkkknu;
dosug4rea4kvnk5f;
grams6ctbla3i6li;
5c62aaokkuc4r72c;
3r7ailix2glqhrwb;
h3r3a4mrjyjdacwv;
lxpceegtlemmeqj3;
u6nq72amuvkzqgyw;
wyt3gnnohbbpmxpp;
bostqmjfz64etvkf;
unp3s4t6kglbud7y;
ukppq4m2uird2zau;
qodfuk3wo73fvw7p;
r7txerscavmuhlac;
3rzlwnpkzbkxvv2h;
yhsfaf3vj2ztd522;
v3hsscb4thvyz7ss;
werbx22un77dolg2;
bsrygc3eqlxtvvpx;
shyrydanyuzmtpio;
3tx7pgrvunr77faa;
used2now7fin3qse;
eogyxmuc5qiwnsas;
svcam4nlpnj2hzna;
grams2qpadhrliic;
5bcs4ugdya2a2fap;
exoox4piwwz34ujn;
eqyo4fbr5okzaysm;
zvoeai6ukmbghmoq;
pwoah32oztfplvlr;
j2ka3hpaqnudmym3;
uv6e44zwqcbgwf5c;
r2nmsgfqoa6s5qne;
23tjl3xpt5btiqms;
andcorb2cnq4uoi5;
grams56vxvk4wtno;
qzri5znvtqnozrwe;
t6dnygr6ezgtvz6q;
wypwtzc2kaceyufw;
jxm5d6emw5rknovg;
m5m2jglgjn6pc7xl;
doxtorg7natnwyz5;
la4opcdtiilaathn;
2unimy7vxozqehvh;
6zwctlqtpilbkl47;
2c3j26kq6w4ec667;
grams2vby5qt63xg;
lm4raaqq2jqwxyep;
mswmailgcjbye4sc;
zmsr22fviy7kxihf;
qw3vktemer556anr;
fif6hvq6mtyrtg4q;
s6lzbq2ad4x6jada;
amsqmplwxofkmqxr;
dwi53x4gche7zprc;
uisspxbl7ipc5bet;
mh73zmfbc7d6tr5h;
rsci7rl3rmpcsvyf;
counter5y4he3hny;
nukesrus4wsy6lhg;
hzmun3rnnxjhkyhg;
bitcoinaovxwbrax;1
ccyqv5vsda4yn374;
validccvlssfdgas;
btclottolgjvdi3y;
mc455ulww46uxhaj;
zbs7wfwymexy652x;
5dkgctjj5vlv3yxe;
3yzrrt7pylahuxm6;
lonniemco233xjtd;
nxisj2mvqd2g3aca;
countermltd42g4x;
j24ojpexpgaorlxj;
7q6fl6bh3njeevsj;
u7gzqyw6jd5avej3;
aoqjy6yyjklitxn6;
w3hysz3ewytv6efh;
rq5w3yn6qgbu4mo5;
reloadxuwmn4gkbe;
j5lo7vgmgrz5xoi3;
imb27556jpb6g65j;
unlock3cdmwwf6ya;
zjrkme6scst7wju4;
7ygrfzxxtjkwi2gy;
ekxlu4yym2ca7mtx;
cprshop3hiwb27u5;
jpjdlqqqyikr4ktq;
nrblbgdw2lidgqv4;
satobit2jg6h3s5j;
xqraoaoaph4d545r;
b3osz2cvm42ssyyq;
fkbjngvraoici6k7;
mprt35sjunnxfa76;
vichandcxw4gm3wy;
vydepedev7nxcsxt;
xt6zo6bcjbrrjyvr;
mphtadhci5mrdlju;
ilcmjtvnrw2hostl;
paypalskqofs37jo;
i7d7otxzkwhze4rv;
aaz4bexuanmn7sbv;
anonimgopde2h3jm;
zktxwox376pbkp2z;
chainspz7gu33k77;
y64a7tq5gky4mtax;
woeo5doqpox5uwwx;
grams2aqcalmdcrk;
nqjzecu4cizbd4u2;
7witwff5frsxhmtr;
465rf3c2oskkqc24;
v3gajvwgt3axrlqz;
lfr7lsuryn6fyarn;
o7lji3zjwceih6wa;
ypzo35v3hfb7vpnd;
iphone4s36yy7uhh;
africae3vo64mzux;
grams5rfqo3dipz7;
7faq6ixireuaiksj;
qhdy5z6pa2hl4gn6;
sx7qldn5l5cz5z5k;
darkwallqxbflfug;
bbbwt37dnie3ash4;
ojti3yculams3ju2;
x75csj7vzprjji5v;
lhve3n5uv4d3z23f;
5o45eus3xqjogzen;
cmix4444mivmf2o5;
onionoorcazzotwa;
vsy7udjnodbqwp7l;
blyhm2xtcqlvmqp7;
djw45b6vsusffo34;
3hhjto2nol2r3osf;
ifzo6iwumrecgqpc;
y6kzmfomrkeyu7ew;
anonymous744wjcx;
7hf4h3o7uhxbo7bg;
wwy7jgw3ke5vxqws;
briansccxf4qknms;
dearsirx6h7j6kro;
cthulhuydndd7h3s;
tiplh623tm6ltzzv;
d4aik5sbzkdap5up;
rba625mhclzt5pes;
pwoah42zavnatipm;
stolensamebkp5ny;
fakepassbxbwcvtk;
l4bhkn25dir7wjk2;
q4vyrzddq25a4jhf;
deeptechifsxtuzg;
kvazifvotvyhcece;
cjedksi55z7ym3ys;
y45ey5ro5zfgo6bv;
vp4xo3aqqtsuvacl;
222222c6hrrxbydu;
q2sg67ft4cdvjlfv;
milkroadbqwydgiy;
unteh4oc2fpl57fy;
2y2g3onue325wseb;
kartlagtqbdzwlyy;
tpyq3zobimshvawx;
x3o4qqb7colw5uuo;
grams5vyhbraed4l;
lunch2xcxepjfz2y;
vfv5amjgive2idmj;1
2heq7votw4w7tpjt;
5y7cmg2ambx7yj6k;
q2muuyhexvsksylf;
vxecxultcic6mb3u;
zmdqqossy2yjyeva;
anpjhr2flqtbl55z;
7n4p5o6vlkdiqiee;
mihl4p6zv57y2e53;
sh6ixoc3ifpyjivs;
jjrbfzv3f2vff7fb;
6uvaexlsafk5hq2m;
zhzobdyv545bq4kf;
junglellekidsita;
tdqr2766vdu3525l;
222222ghaprmoqok;
fbr3urtao5c4zecb;
pa5subrtdppfkbqr;
iv2w26wwal6tnnpl;
grams7hm4x3gb7wj;
grams6qu7rkusupi;
